"Tabela 6588 - Série histórica da estimativa anual da área plantada, área colhida, produção e rendimento médio dos produtos das lavouras"
"Variável - Produção (Toneladas)"
"Unidade da Federação","Mês x Produto das lavouras"
"Unidade da Federação","setembro 2006",,"outubro 2006",,"novembro 2006",,"dezembro 2006",,"janeiro 2007",,"fevereiro 2007",,"março 2007",,"abril 2007",,"maio 2007",,"junho 2007",,"julho 2007",,"agosto 2007",,"setembro 2007",,"outubro 2007",,"novembro 2007",,"dezembro 2007",,"janeiro 2008",,"fevereiro 2008",,"março 2008",,"abril 2008",,"maio 2008",,"junho 2008",,"julho 2008",,"agosto 2008",,"setembro 2008",,"outubro 2008",,"novembro 2008",,"dezembro 2008",,"janeiro 2009",,"fevereiro 2009",,"março 2009",,"abril 2009",,"maio 2009",,"junho 2009",,"julho 2009",,"agosto 2009",,"setembro 2009",,"outubro 2009",,"novembro 2009",,"dezembro 2009",,"janeiro 2010",,"fevereiro 2010",,"março 2010",,"abril 2010",,"maio 2010",,"junho 2010",,"julho 2010",,"agosto 2010",,"setembro 2010",,"outubro 2010",,"novembro 2010",,"dezembro 2010",,"janeiro 2011",,"fevereiro 2011",,"março 2011",,"abril 2011",,"maio 2011",,"junho 2011",,"julho 2011",,"agosto 2011",,"setembro 2011",,"outubro 2011",,"novembro 2011",,"dezembro 2011",,"janeiro 2012",,"fevereiro 2012",,"março 2012",,"abril 2012",,"maio 2012",,"junho 2012",,"julho 2012",,"agosto 2012",,"setembro 2012",,"outubro 2012",,"novembro 2012",,"dezembro 2012",,"janeiro 2013",,"fevereiro 2013",,"março 2013",,"abril 2013",,"maio 2013",,"junho 2013",,"julho 2013",,"agosto 2013",,"setembro 2013",,"outubro 2013",,"novembro 2013",,"dezembro 2013",,"janeiro 2014",,"fevereiro 2014",,"março 2014",,"abril 2014",,"maio 2014",,"junho 2014",,"julho 2014",,"agosto 2014",,"setembro 2014",,"outubro 2014",,"novembro 2014",,"dezembro 2014",,"janeiro 2015",,"fevereiro 2015",,"março 2015",,"abril 2015",,"maio 2015",,"junho 2015",,"julho 2015",,"agosto 2015",,"setembro 2015",,"outubro 2015",,"novembro 2015",,"dezembro 2015",,"janeiro 2016",,"fevereiro 2016",,"março 2016",,"abril 2016",,"maio 2016",,"junho 2016",,"julho 2016",,"agosto 2016",,"setembro 2016",,"outubro 2016",,"novembro 2016",,"dezembro 2016",,"janeiro 2017",,"fevereiro 2017",,"março 2017",,"abril 2017",,"maio 2017",,"junho 2017",,"julho 2017",,"agosto 2017",,"setembro 2017",,"outubro 2017",,"novembro 2017",,"dezembro 2017",,"janeiro 2018",,"fevereiro 2018",,"março 2018",,"abril 2018",,"maio 2018",,"junho 2018",,"julho 2018",,"agosto 2018",,"setembro 2018",,"outubro 2018",,"novembro 2018",,"dezembro 2018",,"janeiro 2019",,"fevereiro 2019",,"março 2019",,"abril 2019",,"maio 2019",,"junho 2019",,"julho 2019",,"agosto 2019",,"setembro 2019",,"outubro 2019",,"novembro 2019",,"dezembro 2019",,"janeiro 2020",,"fevereiro 2020",,"março 2020",,"abril 2020",,"maio 2020",,"junho 2020",,"julho 2020",,"agosto 2020",,"setembro 2020",,"outubro 2020",,"novembro 2020",,"dezembro 2020",,"janeiro 2021",,"fevereiro 2021",,"março 2021",,"abril 2021",,"maio 2021",,"junho 2021",,"julho 2021",,"agosto 2021",,"setembro 2021",,"outubro 2021",,"novembro 2021",,"dezembro 2021",,"janeiro 2022",,"fevereiro 2022",,"março 2022",,"abril 2022",,"maio 2022",,"junho 2022",,"julho 2022",,"agosto 2022",,"setembro 2022",,"outubro 2022",,"novembro 2022",,"dezembro 2022",,"janeiro 2023",,"fevereiro 2023"
"Unidade da Federação","Total","1.13 Milho (1ª Safra)","Total","1.13 Milho (1ª Safra)","Total","1.13 Milho (1ª Safra)","Total","1.13 Milho (1ª Safra)","Total","1.13 Milho (1ª Safra)","Total","1.13 Milho (1ª Safra)","Total","1.13 Milho (1ª Safra)","Total","1.13 Milho (1ª Safra)","Total","1.13 Milho (1ª Safra)","Total","1.13 Milho (1ª Safra)","Total","1.13 Milho (1ª Safra)","Total","1.13 Milho (1ª Safra)","Total","1.13 Milho (1ª Safra)","Total","1.13 Milho (1ª Safra)","Total","1.13 Milho (1ª Safra)","Total","1.13 Milho (1ª Safra)","Total","1.13 Milho (1ª Safra)","Total","1.13 Milho (1ª Safra)","Total","1.13 Milho (1ª Safra)","Total","1.13 Milho (1ª Safra)","Total","1.13 Milho (1ª Safra)","Total","1.13 Milho (1ª Safra)","Total","1.13 Milho (1ª Safra)","Total","1.13 Milho (1ª Safra)","Total","1.13 Milho (1ª Safra)","Total","1.13 Milho (1ª Safra)","Total","1.13 Milho (1ª Safra)","Total","1.13 Milho (1ª Safra)","Total","1.13 Milho (1ª Safra)","Total","1.13 Milho (1ª Safra)","Total","1.13 Milho (1ª Safra)","Total","1.13 Milho (1ª Safra)","Total","1.13 Milho (1ª Safra)","Total","1.13 Milho (1ª Safra)","Total","1.13 Milho (1ª Safra)","Total","1.13 Milho (1ª Safra)","Total","1.13 Milho (1ª Safra)","Total","1.13 Milho (1ª Safra)","Total","1.13 Milho (1ª Safra)","Total","1.13 Milho (1ª Safra)","Total","1.13 Milho (1ª Safra)","Total","1.13 Milho (1ª Safra)","Total","1.13 Milho (1ª Safra)","Total","1.13 Milho (1ª Safra)","Total","1.13 Milho (1ª Safra)","Total","1.13 Milho (1ª Safra)","Total","1.13 Milho (1ª Safra)","Total","1.13 Milho (1ª Safra)","Total","1.13 Milho (1ª Safra)","Total","1.13 Milho (1ª Safra)","Total","1.13 Milho (1ª Safra)","Total","1.13 Milho (1ª Safra)","Total","1.13 Milho (1ª Safra)","Total","1.13 Milho (1ª Safra)","Total","1.13 Milho (1ª Safra)","Total","1.13 Milho (1ª Safra)","Total","1.13 Milho (1ª Safra)","Total","1.13 Milho (1ª Safra)","Total","1.13 Milho (1ª Safra)","Total","1.13 Milho (1ª Safra)","Total","1.13 Milho (1ª Safra)","Total","1.13 Milho (1ª Safra)","Total","1.13 Milho (1ª Safra)","Total","1.13 Milho (1ª Safra)","Total","1.13 Milho (1ª Safra)","Total","1.13 Milho (1ª Safra)","Total","1.13 Milho (1ª Safra)","Total","1.13 Milho (1ª Safra)","Total","1.13 Milho (1ª Safra)","Total","1.13 Milho (1ª Safra)","Total","1.13 Milho (1ª Safra)","Total","1.13 Milho (1ª Safra)","Total","1.13 Milho (1ª Safra)","Total","1.13 Milho (1ª Safra)","Total","1.13 Milho (1ª Safra)","Total","1.13 Milho (1ª Safra)","Total","1.13 Milho (1ª Safra)","Total","1.13 Milho (1ª Safra)","Total","1.13 Milho (1ª Safra)","Total","1.13 Milho (1ª Safra)","Total","1.13 Milho (1ª Safra)","Total","1.13 Milho (1ª Safra)","Total","1.13 Milho (1ª Safra)","Total","1.13 Milho (1ª Safra)","Total","1.13 Milho (1ª Safra)","Total","1.13 Milho (1ª Safra)","Total","1.13 Milho (1ª Safra)","Total","1.13 Milho (1ª Safra)","Total","1.13 Milho (1ª Safra)","Total","1.13 Milho (1ª Safra)","Total","1.13 Milho (1ª Safra)","Total","1.13 Milho (1ª Safra)","Total","1.13 Milho (1ª Safra)","Total","1.13 Milho (1ª Safra)","Total","1.13 Milho (1ª Safra)","Total","1.13 Milho (1ª Safra)","Total","1.13 Milho (1ª Safra)","Total","1.13 Milho (1ª Safra)","Total","1.13 Milho (1ª Safra)","Total","1.13 Milho (1ª Safra)","Total","1.13 Milho (1ª Safra)","Total","1.13 Milho (1ª Safra)","Total","1.13 Milho (1ª Safra)","Total","1.13 Milho (1ª Safra)","Total","1.13 Milho (1ª Safra)","Total","1.13 Milho (1ª Safra)","Total","1.13 Milho (1ª Safra)","Total","1.13 Milho (1ª Safra)","Total","1.13 Milho (1ª Safra)","Total","1.13 Milho (1ª Safra)","Total","1.13 Milho (1ª Safra)","Total","1.13 Milho (1ª Safra)","Total","1.13 Milho (1ª Safra)","Total","1.13 Milho (1ª Safra)","Total","1.13 Milho (1ª Safra)","Total","1.13 Milho (1ª Safra)","Total","1.13 Milho (1ª Safra)","Total","1.13 Milho (1ª Safra)","Total","1.13 Milho (1ª Safra)","Total","1.13 Milho (1ª Safra)","Total","1.13 Milho (1ª Safra)","Total","1.13 Milho (1ª Safra)","Total","1.13 Milho (1ª Safra)","Total","1.13 Milho (1ª Safra)","Total","1.13 Milho (1ª Safra)","Total","1.13 Milho (1ª Safra)","Total","1.13 Milho (1ª Safra)","Total","1.13 Milho (1ª Safra)","Total","1.13 Milho (1ª Safra)","Total","1.13 Milho (1ª Safra)","Total","1.13 Milho (1ª Safra)","Total","1.13 Milho (1ª Safra)","Total","1.13 Milho (1ª Safra)","Total","1.13 Milho (1ª Safra)","Total","1.13 Milho (1ª Safra)","Total","1.13 Milho (1ª Safra)","Total","1.13 Milho (1ª Safra)","Total","1.13 Milho (1ª Safra)","Total","1.13 Milho (1ª Safra)","Total","1.13 Milho (1ª Safra)","Total","1.13 Milho (1ª Safra)","Total","1.13 Milho (1ª Safra)","Total","1.13 Milho (1ª Safra)","Total","1.13 Milho (1ª Safra)","Total","1.13 Milho (1ª Safra)","Total","1.13 Milho (1ª Safra)","Total","1.13 Milho (1ª Safra)","Total","1.13 Milho (1ª Safra)","Total","1.13 Milho (1ª Safra)","Total","1.13 Milho (1ª Safra)","Total","1.13 Milho (1ª Safra)","Total","1.13 Milho (1ª Safra)","Total","1.13 Milho (1ª Safra)","Total","1.13 Milho (1ª Safra)","Total","1.13 Milho (1ª Safra)","Total","1.13 Milho (1ª Safra)","Total","1.13 Milho (1ª Safra)","Total","1.13 Milho (1ª Safra)","Total","1.13 Milho (1ª Safra)","Total","1.13 Milho (1ª Safra)","Total","1.13 Milho (1ª Safra)","Total","1.13 Milho (1ª Safra)","Total","1.13 Milho (1ª Safra)","Total","1.13 Milho (1ª Safra)","Total","1.13 Milho (1ª Safra)","Total","1.13 Milho (1ª Safra)","Total","1.13 Milho (1ª Safra)","Total","1.13 Milho (1ª Safra)","Total","1.13 Milho (1ª Safra)","Total","1.13 Milho (1ª Safra)","Total","1.13 Milho (1ª Safra)","Total","1.13 Milho (1ª Safra)","Total","1.13 Milho (1ª Safra)","Total","1.13 Milho (1ª Safra)","Total","1.13 Milho (1ª Safra)","Total","1.13 Milho (1ª Safra)","Total","1.13 Milho (1ª Safra)","Total","1.13 Milho (1ª Safra)","Total","1.13 Milho (1ª Safra)","Total","1.13 Milho (1ª Safra)","Total","1.13 Milho (1ª Safra)","Total","1.13 Milho (1ª Safra)","Total","1.13 Milho (1ª Safra)","Total","1.13 Milho (1ª Safra)","Total","1.13 Milho (1ª Safra)","Total","1.13 Milho (1ª Safra)","Total","1.13 Milho (1ª Safra)","Total","1.13 Milho (1ª Safra)","Total","1.13 Milho (1ª Safra)","Total","1.13 Milho (1ª Safra)","Total","1.13 Milho (1ª Safra)","Total","1.13 Milho (1ª Safra)","Total","1.13 Milho (1ª Safra)","Total","1.13 Milho (1ª Safra)","Total","1.13 Milho (1ª Safra)","Total","1.13 Milho (1ª Safra)","Total","1.13 Milho (1ª Safra)","Total","1.13 Milho (1ª Safra)"
"Rondônia","..","266410","..","268029","..","264429","..","264430","..","255167","..","255167","..","255628","..","257712","..","256811","..","255343","..","255307","..","256428","..","256428","..","256428","..","256428","..","249927","..","293385","..","293385","..","295422","..","311132","..","305372","..","305372","..","305552","..","305086","..","305386","..","305386","..","305602","..","305601","..","295150","..","295150","..","330447","..","330447","..","332856","..","332916","..","341987","..","333282","..","368112","..","368112","..","368112","..","368112","..","424911","..","440984","..","442702","..","442702","..","378839","..","378839","..","378839","..","367722","..","366405","..","366635","..","365980","..","365980","..","417730","..","418265","..","413378","..","416249","..","412576","..","365096","..","365096","..","365096","..","365096","..","365096","..","365096","..","365096","..","378012","..","378012","..","378012","..","458576","..","462158","..","462158","..","535827","..","535827","..","535827","..","535827","..","535827","..","535827","..","379100","..","379100","..","430511","..","430511","..","427870","..","427341","..","455099","..","455099","..","455099","..","455099","..","455099","..","448599","..","395697","..","395697","..","115101","..","109651","..","107820","..","100922","..","96119","..","95289","..","95289","..","95501","..","95501","..","95581","..","94411","..","93323","..","95801","..","94492","..","94270","..","93513","..","92850","..","92683","..","92482","..","91903","..","91696","..","91696","..","85744","..","84305","..","84835","..","95259","..","99065","..","103955","..","103955","..","103806","..","103779","..","106038","..","105948","..","98960","..","93344","..","93344","..","116589","..","116491","..","116558","..","116320","..","116320","..","116320","..","116320","..","116320","..","116320","..","118317","..","93344","..","93344","..","93344","..","117408","..","117408","..","117408","..","117367","..","117367","..","117367","..","116102","..","112377","..","112377","..","104681","..","104681","..","104681","..","117505","..","117505","..","117505","..","117505","..","117505","..","117505","..","123068","..","123068","..","123068","..","130111","..","130111","..","130111","..","142449","..","142449","..","142449","..","142449","..","142449","..","142449","..","142628","..","142628","..","143348","..","135862","..","135862","..","135862","..","135862","..","135862","..","135871","..","136491","..","136786","..","141819","..","260562","..","260562","..","270995","..","270015","..","270015","..","270015","..","274581","..","274581","..","274581","..","245456","..","298789","..","75855","..","78317","..","78317","..","79680","..","89968","..","89968"
"Acre","..","56332","..","56332","..","56332","..","56332","..","54397","..","55943","..","56216","..","56216","..","56216","..","56216","..","56216","..","56216","..","56216","..","56363","..","56363","..","55439","..","39294","..","39294","..","41974","..","41974","..","41974","..","41974","..","41974","..","41974","..","46369","..","46369","..","46369","..","46369","..","44243","..","44243","..","44243","..","44336","..","44336","..","44336","..","44336","..","51293","..","51293","..","51293","..","50743","..","57293","..","45525","..","57814","..","57814","..","57814","..","57814","..","57293","..","57293","..","56854","..","58397","..","58966","..","58966","..","58966","..","82883","..","83122","..","86108","..","86108","..","86108","..","86108","..","82180","..","81775","..","82018","..","82018","..","82018","..","81793","..","102498","..","102633","..","102633","..","102633","..","100387","..","100387","..","100387","..","100387","..","98440","..","96687","..","96687","..","96687","..","115601","..","115601","..","111638","..","111638","..","111638","..","112141","..","112141","..","112141","..","112141","..","112141","..","111294","..","108955","..","115859","..","115291","..","115291","..","119422","..","119422","..","117618","..","117618","..","107961","..","107961","..","101239","..","101239","..","101738","..","99421","..","101249","..","101701","..","101701","..","96272","..","96272","..","96272","..","96272","..","96272","..","96272","..","96272","..","93865","..","97876","..","99388","..","99388","..","98206","..","93437","..","86645","..","86645","..","85882","..","85882","..","85882","..","83336","..","80921","..","87493","..","87493","..","79914","..","81970","..","82370","..","80719","..","80257","..","80257","..","80257","..","80022","..","80022","..","83248","..","82822","..","82822","..","80479","..","80479","..","80479","..","80479","..","83784","..","81535","..","77751","..","77751","..","77751","..","77751","..","74292","..","74292","..","74292","..","74292","..","74292","..","74292","..","74292","..","74292","..","74292","..","74292","..","74292","..","74292","..","74079","..","74079","..","74079","..","67483","..","67483","..","68192","..","68192","..","68192","..","68192","..","68192","..","68192","..","68305","..","69989","..","69989","..","70490","..","70386","..","72537","..","77480","..","77480","..","78730","..","78730","..","78730","..","78730","..","78036","..","76261","..","76261","..","76261","..","77722","..","79982","..","91480","..","91480","..","91480","..","91480","..","91480","..","91480","..","92653","..","90841","..","90841"
"Amazonas","..","22076","..","22076","..","27795","..","17604","..","22975","..","45619","..","45619","..","45619","..","44657","..","44750","..","44870","..","44315","..","43895","..","43895","..","43895","..","30641","..","42183","..","31904","..","30878","..","30872","..","30872","..","30872","..","35326","..","35326","..","35326","..","35326","..","35326","..","35326","..","31154","..","31154","..","31154","..","31154","..","30000","..","30000","..","30000","..","30000","..","30000","..","30000","..","30000","..","30000","..","29252","..","29252","..","29252","..","29252","..","29252","..","31891","..","31891","..","31891","..","31891","..","31891","..","31891","..","31891","..","31325","..","35000","..","35000","..","35000","..","35000","..","35000","..","35000","..","35000","..","35796","..","35796","..","35796","..","35796","..","32512","..","32512","..","32512","..","37100","..","37100","..","37100","..","37100","..","37100","..","44400","..","35988","..","35988","..","35988","..","35988","..","35988","..","34121","..","30835","..","30835","..","30835","..","30235","..","30235","..","30235","..","30235","..","30235","..","30235","..","31137","..","31137","..","30235","..","30235","..","30235","..","30235","..","27250","..","27250","..","27250","..","27250","..","27250","..","27250","..","24935","..","24935","..","24935","..","24935","..","24935","..","24935","..","24935","..","24935","..","24935","..","24935","..","24935","..","24935","..","24935","..","24935","..","24935","..","24935","..","24935","..","24935","..","24935","..","24935","..","24935","..","24935","..","24935","..","24935","..","12853","..","12853","..","12853","..","12853","..","12853","..","12853","..","12853","..","12853","..","12853","..","12853","..","12853","..","12853","..","12853","..","12853","..","12853","..","12853","..","12853","..","12853","..","12853","..","12853","..","12853","..","12853","..","12853","..","12853","..","18894","..","18894","..","18894","..","18894","..","18894","..","18894","..","18894","..","18894","..","18894","..","18894","..","18894","..","18894","..","19093","..","19093","..","19093","..","19093","..","19093","..","19093","..","19093","..","19093","..","19093","..","19093","..","19093","..","19093","..","18746","..","18746","..","18746","..","18746","..","18746","..","18746","..","18746","..","18746","..","18746","..","18746","..","18746","..","18746","..","21940","..","21940","..","21940","..","21940","..","21940","..","21940","..","21940","..","21940","..","21940","..","21940","..","21940","..","21940","..","21681","..","21681"
"Roraima","..","24000","..","24000","..","24000","..","24000","..","22017","..","24000","..","24000","..","24000","..","24000","..","24000","..","24000","..","24000","..","24000","..","24000","..","24000","..","24000","..","24400","..","12800","..","12800","..","12800","..","12800","..","12800","..","12800","..","12800","..","12800","..","12800","..","12800","..","12800","..","13000","..","13000","..","13000","..","12800","..","12800","..","12800","..","12800","..","12800","..","12800","..","12800","..","12800","..","12800","..","13000","..","13000","..","13000","..","13000","..","13000","..","13000","..","13000","..","13000","..","13000","..","13000","..","13000","..","13000","..","13000","..","13000","..","13000","..","13000","..","13000","..","13000","..","13000","..","13000","..","13000","..","13000","..","13000","..","13000","..","13000","..","13000","..","13000","..","13000","..","13000","..","13000","..","13000","..","13000","..","13000","..","11800","..","11800","..","11800","..","13000","..","13000","..","13000","..","13000","..","13000","..","13000","..","13000","..","13000","..","13000","..","13000","..","6000","..","6000","..","6000","..","6000","..","6000","..","6000","..","6000","..","6000","..","6000","..","6000","..","6000","..","6000","..","15350","..","15350","..","15350","..","15350","..","15350","..","15350","..","15350","..","15350","..","15350","..","15350","..","15350","..","15350","..","15350","..","14028","..","14853","..","14853","..","14853","..","14853","..","14853","..","14853","..","14853","..","14853","..","14853","..","14853","..","14853","..","14853","..","14853","..","14853","..","14853","..","14853","..","14853","..","14853","..","14853","..","14853","..","14853","..","14853","..","14853","..","14853","..","14853","..","14853","..","14853","..","14853","..","14853","..","14853","..","14853","..","14853","..","14853","..","14853","..","14853","..","14853","..","14853","..","14853","..","14853","..","14853","..","14853","..","14853","..","14853","..","14853","..","14853","..","14853","..","14853","..","14853","..","14853","..","14853","..","14853","..","14853","..","14853","..","14853","..","14853","..","14853","..","14853","..","14853","..","14853","..","14853","..","14853","..","14853","..","14853","..","14853","..","14853","..","14853","..","14853","..","14853","..","14853","..","14853","..","14853","..","14853","..","14853","..","14853","..","14853","..","14853","..","14853","..","14853","..","14853","..","14853","..","14853","..","14853","..","14853","..","14853","..","14853","..","14853"
"Pará","..","569497","..","569497","..","569497","..","576579","..","560000","..","560000","..","582505","..","582505","..","294313","..","294313","..","294313","..","568132","..","568132","..","532531","..","559358","..","562081","..","560000","..","560000","..","585285","..","585285","..","597630","..","597630","..","621771","..","622671","..","622671","..","622671","..","622671","..","621656","..","550594","..","550594","..","636292","..","636292","..","565484","..","565484","..","565484","..","566381","..","566812","..","566812","..","555488","..","552112","..","529913","..","529913","..","551512","..","515853","..","513582","..","518347","..","517020","..","540362","..","540362","..","540362","..","540362","..","540362","..","498543","..","525337","..","552420","..","558465","..","540636","..","539856","..","544831","..","544831","..","544831","..","542793","..","542793","..","541121","..","510922","..","510922","..","615040","..","615040","..","615040","..","596557","..","596557","..","598778","..","597698","..","596565","..","596649","..","596649","..","548311","..","548311","..","545566","..","550078","..","550078","..","550179","..","548629","..","548629","..","548629","..","548629","..","548629","..","548629","..","515212","..","515212","..","515212","..","515212","..","511149","..","511149","..","510964","..","510964","..","486551","..","511000","..","511000","..","511000","..","479553","..","479553","..","634976","..","631640","..","633012","..","633012","..","636008","..","635989","..","635977","..","635977","..","641895","..","637133","..","568233","..","570655","..","570655","..","578999","..","578999","..","558933","..","559108","..","559108","..","559108","..","562451","..","558517","..","557602","..","548027","..","548658","..","539675","..","539675","..","543710","..","543710","..","555800","..","555800","..","555440","..","555440","..","555440","..","555965","..","559089","..","547386","..","547386","..","547386","..","547386","..","551465","..","534685","..","537574","..","514493","..","514493","..","534923","..","534923","..","435054","..","441136","..","440822","..","440822","..","440822","..","442712","..","441712","..","441812","..","441812","..","441812","..","450321","..","506500","..","492047","..","454872","..","491816","..","491816","..","491816","..","491816","..","495441","..","495800","..","495800","..","495800","..","489547","..","489547","..","502022","..","502022","..","510606","..","510606","..","510606","..","510606","..","511668","..","511668","..","511668","..","511663","..","518447","..","518447","..","534008","..","534008","..","522240","..","525755","..","525755","..","523840","..","523747","..","523747","..","523675","..","523675","..","538795","..","538795","..","547450","..","547450"
"Amapá","..","1217","..","1530","..","1530","..","1530","..","1217","..","1900","..","1900","..","1900","..","1900","..","1900","..","1900","..","1900","..","1900","..","1900","..","1900","..","1900","..","1816","..","1816","..","1816","..","1816","..","1816","..","1816","..","1816","..","1816","..","2354","..","2354","..","2354","..","2354","..","3010","..","3010","..","3010","..","3010","..","3010","..","3010","..","3010","..","3010","..","3010","..","3010","..","3010","..","2850","..","3250","..","3250","..","3250","..","3250","..","3250","..","3250","..","3250","..","3250","..","3250","..","3250","..","3250","..","3250","..","3096","..","3096","..","3650","..","3650","..","2611","..","2611","..","2611","..","2611","..","2611","..","2140","..","2611","..","2611","..","3650","..","3250","..","3250","..","1815","..","1815","..","1815","..","2110","..","2110","..","2110","..","2110","..","2110","..","2110","..","2200","..","2200","..","2355","..","2355","..","2355","..","2011","..","2011","..","2011","..","2011","..","2011","..","2011","..","2011","..","2250","..","2250","..","2250","..","2250","..","2250","..","2080","..","2080","..","1980","..","1980","..","1980","..","1980","..","1980","..","1539","..","1539","..","1780","..","1780","..","1780","..","1780","..","1650","..","1650","..","1650","..","1650","..","1650","..","1650","..","1750","..","1750","..","1680","..","1580","..","1580","..","1580","..","1580","..","1580","..","1497","..","1497","..","1517","..","1517","..","1715","..","1715","..","1670","..","1564","..","1517","..","1564","..","1564","..","1564","..","1564","..","1564","..","1564","..","1564","..","1625","..","1625","..","1590","..","1590","..","1590","..","1590","..","1590","..","1590","..","1590","..","1590","..","1155","..","1155","..","1225","..","1225","..","1225","..","1225","..","1150","..","1150","..","1150","..","1150","..","1138","..","1138","..","1138","..","1138","..","1380","..","1380","..","1380","..","1380","..","1380","..","1380","..","1380","..","1380","..","1380","..","1183","..","1183","..","1150","..","1356","..","1186","..","1186","..","1186","..","1186","..","1186","..","1186","..","1186","..","1186","..","1186","..","1186","..","1186","..","1180","..","3360","..","3360","..","2350","..","2350","..","2350","..","2350","..","2350","..","2350","..","2350","..","2350","..","2350","..","2750","..","2750"
"Tocantins","..","142067","..","142067","..","142067","..","142067","..","173895","..","147765","..","147765","..","147765","..","147765","..","147765","..","147765","..","147765","..","146517","..","146517","..","146517","..","146517","..","162577","..","162577","..","222374","..","222374","..","189234","..","189234","..","230684","..","230684","..","230684","..","230684","..","230631","..","230631","..","225403","..","225403","..","229529","..","229529","..","219793","..","219793","..","257149","..","257149","..","257149","..","257149","..","257149","..","257149","..","229343","..","213079","..","213079","..","213079","..","213079","..","258265","..","258265","..","258265","..","282475","..","282475","..","282475","..","282475","..","272000","..","272000","..","317107","..","317107","..","317107","..","307537","..","307537","..","307537","..","307537","..","307657","..","307657","..","307657","..","307657","..","307657","..","307657","..","307657","..","307657","..","205637","..","205637","..","205637","..","205637","..","339479","..","339899","..","339899","..","204519","..","204519","..","204519","..","204519","..","204519","..","204519","..","204519","..","204519","..","204519","..","204519","..","204519","..","158620","..","180000","..","180000","..","180000","..","180000","..","134405","..","137911","..","137911","..","137911","..","143681","..","143681","..","143681","..","143681","..","142488","..","142488","..","142488","..","142488","..","142488","..","142488","..","219489","..","219489","..","222725","..","222725","..","222725","..","226286","..","123613","..","123613","..","165014","..","165014","..","151743","..","151743","..","151743","..","151743","..","151743","..","151743","..","151983","..","187662","..","204884","..","204884","..","224076","..","224076","..","278116","..","280431","..","285338","..","285888","..","285888","..","285888","..","283735","..","325166","..","375000","..","375000","..","375000","..","435159","..","434817","..","408770","..","418457","..","427820","..","427820","..","427820","..","427820","..","437631","..","407749","..","407749","..","407749","..","406881","..","406881","..","406881","..","412829","..","412829","..","412829","..","417426","..","420681","..","428548","..","481196","..","496779","..","496779","..","496779","..","496779","..","496779","..","463534","..","461014","..","461014","..","464277","..","464277","..","464892","..","409681","..","409681","..","409681","..","409681","..","409681","..","409681","..","409681","..","409681","..","409681","..","409681","..","409681","..","409681","..","413945","..","413829","..","413829","..","413829","..","413829","..","413829","..","447043","..","447043","..","447043","..","447043","..","447043","..","447043","..","501857","..","501857"
"Maranhão","..","421935","..","421935","..","421935","..","421935","..","476025","..","476025","..","476025","..","476025","..","476025","..","476025","..","469789","..","469789","..","469789","..","469789","..","469789","..","469789","..","468473","..","468473","..","468473","..","468473","..","492578","..","481134","..","491212","..","490411","..","490411","..","490411","..","490411","..","482046","..","470777","..","496952","..","555630","..","566219","..","531050","..","502171","..","502171","..","502171","..","502171","..","502171","..","502171","..","502533","..","583270","..","562083","..","586190","..","586190","..","517556","..","538494","..","538494","..","526073","..","526938","..","528888","..","527267","..","527267","..","606015","..","660778","..","632041","..","638460","..","640285","..","639786","..","639884","..","652590","..","639884","..","639884","..","579884","..","646209","..","721425","..","723241","..","717990","..","729241","..","744002","..","664228","..","658653","..","783559","..","801955","..","649280","..","783491","..","783491","..","855209","..","856970","..","821607","..","821607","..","798289","..","761015","..","756580","..","756589","..","756589","..","756589","..","756529","..","756529","..","846863","..","852913","..","868890","..","861398","..","861173","..","861173","..","861173","..","861173","..","861173","..","860931","..","854951","..","854541","..","874831","..","871685","..","985589","..","984281","..","985292","..","992493","..","987502","..","941589","..","912025","..","901985","..","879040","..","878093","..","796751","..","823177","..","805874","..","803934","..","806006","..","601234","..","612509","..","616893","..","615357","..","615357","..","592194","..","568040","..","897502","..","903201","..","923531","..","923658","..","929525","..","934316","..","925747","..","925747","..","925747","..","925764","..","925764","..","921966","..","1080303","..","1080594","..","1080594","..","1080594","..","1080594","..","1080594","..","1077990","..","1014165","..","1012196","..","1011613","..","1002897","..","1001367","..","994201","..","901423","..","895105","..","895281","..","975666","..","975546","..","979856","..","980998","..","985432","..","985432","..","986378","..","986345","..","1207479","..","1207479","..","1210291","..","1219666","..","1219666","..","1219666","..","1228242","..","1225335","..","1225545","..","1225545","..","1240009","..","1239919","..","1341518","..","1341518","..","1348568","..","1348568","..","1348793","..","1348151","..","1348417","..","1358292","..","1359355","..","1359355","..","1359355","..","1359774","..","1422963","..","1425562","..","1437671","..","1439494","..","1439116","..","1439116","..","1439116","..","1439094","..","1439094","..","1439094","..","1439094","..","1439094","..","1576905","..","1579278"
"Piauí","..","230889","..","230889","..","228622","..","228622","..","453012","..","453012","..","453012","..","412152","..","412152","..","190963","..","190963","..","190963","..","170730","..","170730","..","170730","..","170730","..","476562","..","473852","..","425878","..","367527","..","370111","..","364311","..","361211","..","322891","..","322891","..","322891","..","320727","..","320727","..","593135","..","593135","..","589520","..","589520","..","528894","..","528894","..","528894","..","496221","..","496221","..","496221","..","495642","..","495642","..","631350","..","631350","..","390422","..","390422","..","353043","..","353043","..","353043","..","353043","..","353043","..","353043","..","341834","..","341834","..","709683","..","709683","..","709683","..","723664","..","724619","..","707874","..","707874","..","705388","..","705388","..","705388","..","696462","..","696462","..","1045519","..","1044552","..","1063588","..","802843","..","777024","..","777024","..","777024","..","777024","..","768077","..","768077","..","767916","..","767916","..","1188803","..","1188803","..","709982","..","709982","..","530818","..","530818","..","530818","..","483677","..","483677","..","483677","..","484325","..","484325","..","1374203","..","1374203","..","1246636","..","1246636","..","1080631","..","1080631","..","1080631","..","1037303","..","1037303","..","1037303","..","1035716","..","1035716","..","1376539","..","1376539","..","1270912","..","1270912","..","1241459","..","1241459","..","1241459","..","1102208","..","1102208","..","1101497","..","1099335","..","1099335","..","1544143","..","1629652","..","1469417","..","1469417","..","611585","..","609401","..","609401","..","609401","..","559711","..","559711","..","559502","..","559502","..","1391912","..","1391912","..","1439625","..","1439625","..","1393724","..","1393724","..","1393724","..","1299981","..","1299981","..","1299981","..","1294953","..","1294953","..","1444556","..","1444556","..","1555596","..","1555596","..","1502675","..","1502675","..","1502675","..","1443634","..","1443634","..","1443634","..","1427260","..","1427260","..","1595027","..","1595027","..","1578563","..","1578563","..","1573500","..","1573500","..","1573500","..","1472647","..","1472647","..","1472647","..","1467116","..","1467116","..","1820442","..","1820442","..","2056067","..","2056067","..","2056067","..","2056067","..","2052086","..","2052086","..","2052086","..","2052086","..","2050164","..","2050164","..","1966771","..","1966771","..","1966771","..","1934118","..","1934118","..","1934118","..","1934118","..","1799978","..","1799978","..","1799978","..","1793966","..","1793966","..","2106692","..","2106692","..","2106692","..","2117652","..","2117652","..","2117652","..","1978248","..","1978248","..","1978248","..","1978248","..","1955601","..","1955623","..","2370832","..","2420240"
"Ceará","..","768609","..","760231","..","760231","..","760231","..","923574","..","904671","..","913070","..","785576","..","493377","..","407169","..","404459","..","372791","..","366190","..","366190","..","366190","..","358768","..","943516","..","936285","..","944929","..","875162","..","836363","..","805025","..","784711","..","752895","..","752887","..","752887","..","752860","..","752882","..","909002","..","914037","..","919993","..","882566","..","712629","..","682052","..","663721","..","640241","..","542140","..","542136","..","534314","..","534274","..","912287","..","907670","..","864496","..","655583","..","281175","..","207307","..","189843","..","179781","..","176256","..","174775","..","174775","..","174775","..","962222","..","949515","..","942771","..","946076","..","1042964","..","992599","..","987157","..","911481","..","910630","..","912416","..","912622","..","912603","..","1035226","..","1035226","..","1031918","..","423517","..","212233","..","129234","..","128669","..","126376","..","123827","..","123567","..","122520","..","119708","..","882601","..","883522","..","798702","..","478394","..","476685","..","212739","..","177736","..","153653","..","139877","..","134028","..","132650","..","130128","..","734710","..","683274","..","745714","..","740279","..","740593","..","740593","..","504643","..","473668","..","419610","..","388751","..","381626","..","360347","..","810187","..","796174","..","757246","..","740565","..","740565","..","354613","..","267450","..","235275","..","235275","..","142247","..","138398","..","129924","..","767510","..","770716","..","704859","..","692731","..","510698","..","210267","..","138306","..","128680","..","123222","..","120839","..","117350","..","114427","..","169082","..","169140","..","171269","..","204387","..","589284","..","312714","..","353116","..","389978","..","390315","..","391185","..","387233","..","372488","..","347467","..","346416","..","358310","..","367043","..","386907","..","397082","..","433351","..","496019","..","485881","..","485396","..","482844","..","475190","..","354536","..","355759","..","503169","..","528954","..","520652","..","503049","..","496130","..","429925","..","429357","..","430342","..","430254","..","425503","..","335761","..","336309","..","352273","..","484868","..","730559","..","721782","..","637421","..","626702","..","641327","..","640507","..","633734","..","633175","..","354984","..","355753","..","468588","..","558763","..","592446","..","573278","..","527454","..","415252","..","412900","..","410055","..","411679","..","415091","..","398933","..","408903","..","407814","..","527348","..","530150","..","537191","..","607918","..","554689","..","536611","..","533046","..","527099","..","538500","..","413623","..","413659"
"Rio Grande do Norte","..","51871","..","51871","..","51795","..","51647","..","58101","..","58101","..","58101","..","60606","..","60606","..","50664","..","37805","..","34249","..","34249","..","28179","..","28179","..","28191","..","47756","..","47756","..","55024","..","55024","..","55024","..","55024","..","53672","..","53672","..","54660","..","54660","..","53771","..","53771","..","57301","..","57301","..","65195","..","65195","..","52224","..","52224","..","52224","..","42877","..","42877","..","42877","..","42004","..","42004","..","56081","..","56081","..","40012","..","40012","..","40012","..","20866","..","18897","..","18343","..","8146","..","7931","..","8120","..","8387","..","47654","..","47654","..","47219","..","51175","..","54301","..","54352","..","54605","..","47400","..","47974","..","47974","..","47925","..","47925","..","44783","..","44783","..","52855","..","44607","..","3386","..","3386","..","3219","..","3318","..","2701","..","2024","..","1944","..","1941","..","12671","..","12671","..","40632","..","41052","..","20241","..","14588","..","14146","..","13458","..","12982","..","12642","..","12434","..","11792","..","23667","..","23667","..","39394","..","39394","..","44249","..","44249","..","29662","..","15943","..","14237","..","13602","..","13602","..","13601","..","23667","..","23667","..","22525","..","26450","..","25804","..","11467","..","6967","..","6092","..","5667","..","5469","..","4222","..","4222","..","23667","..","23667","..","23667","..","15720","..","14174","..","14174","..","6386","..","4821","..","4492","..","4167","..","3548","..","3548","..","23667","..","23667","..","23667","..","23667","..","14115","..","7602","..","7969","..","7344","..","8478","..","8004","..","5009","..","5009","..","23667","..","23667","..","15156","..","18407","..","21466","..","22262","..","24055","..","24482","..","24969","..","24540","..","23770","..","23770","..","17652","..","17652","..","24130","..","30891","..","31954","..","33397","..","35848","..","34949","..","32191","..","31040","..","30329","..","30329","..","26664","..","26664","..","26664","..","26664","..","34364","..","34314","..","34633","..","33583","..","32373","..","32373","..","31658","..","31606","..","29918","..","29918","..","27041","..","27478","..","27784","..","20698","..","15158","..","13312","..","13323","..","13057","..","13331","..","13295","..","15377","..","15377","..","26523","..","24971","..","24911","..","25217","..","25370","..","29206","..","29206","..","30172","..","32882","..","32882","..","27808","..","27808"
"Paraíba","..","159971","..","159971","..","159971","..","156854","..","172262","..","179527","..","179229","..","179229","..","179229","..","174390","..","100562","..","100562","..","100562","..","100562","..","100562","..","73693","..","117137","..","117137","..","152911","..","154044","..","151869","..","151869","..","151869","..","128649","..","128649","..","128649","..","128649","..","119202","..","135112","..","168303","..","168303","..","168303","..","165288","..","165288","..","165288","..","94087","..","94087","..","94087","..","94087","..","101241","..","160771","..","160771","..","160771","..","94777","..","94777","..","94777","..","94777","..","14799","..","14799","..","14799","..","14799","..","14799","..","62859","..","168106","..","147611","..","147611","..","147611","..","147611","..","100829","..","100829","..","100829","..","100829","..","63731","..","63731","..","90316","..","90316","..","90316","..","90316","..","77416","..","77416","..","77416","..","77416","..","77416","..","77416","..","8553","..","6416","..","145185","..","145185","..","145185","..","145185","..","34931","..","34931","..","34931","..","34931","..","29232","..","29232","..","29232","..","27487","..","136794","..","136794","..","136794","..","136794","..","103902","..","103902","..","103902","..","53046","..","53046","..","53046","..","53046","..","28343","..","136794","..","136794","..","136794","..","136794","..","82617","..","82617","..","82617","..","24912","..","24912","..","24912","..","10953","..","10953","..","101782","..","101782","..","101782","..","101782","..","62601","..","62601","..","62601","..","23015","..","23015","..","23015","..","23015","..","12613","..","67317","..","67317","..","67317","..","67317","..","72483","..","72483","..","72483","..","37266","..","37266","..","37266","..","37266","..","27546","..","67317","..","67317","..","67317","..","67317","..","83759","..","83759","..","83759","..","73701","..","73701","..","73701","..","53802","..","53802","..","102081","..","102081","..","102081","..","89543","..","89543","..","89543","..","89543","..","54242","..","54242","..","54242","..","39222","..","39320","..","96663","..","96663","..","96663","..","96663","..","85908","..","85908","..","85908","..","74848","..","74848","..","74848","..","77073","..","77073","..","98047","..","98047","..","98047","..","98047","..","92874","..","92874","..","60111","..","60111","..","60111","..","60111","..","51285","..","51285","..","95568","..","95568","..","95568","..","95879","..","95879","..","95879","..","79312","..","79312","..","79312","..","79312","..","70933","..","70933","..","99713","..","99713"
"Pernambuco","..","212208","..","212284","..","212434","..","212434","..","146405","..","146405","..","146405","..","146405","..","146405","..","146405","..","146405","..","146405","..","146405","..","146405","..","146405","..","126597","..","125968","..","125968","..","125968","..","189421","..","189421","..","221329","..","191264","..","185528","..","185528","..","179759","..","179759","..","178223","..","171365","..","171365","..","217331","..","217125","..","225927","..","220432","..","211718","..","211882","..","193216","..","193638","..","193458","..","193059","..","194838","..","194838","..","194838","..","194838","..","149534","..","119606","..","119606","..","107005","..","107005","..","107005","..","107005","..","107005","..","175460","..","136749","..","150949","..","166123","..","188086","..","165317","..","182521","..","182521","..","182521","..","164703","..","110854","..","110854","..","156195","..","156195","..","136904","..","136904","..","30110","..","26874","..","24783","..","24156","..","23788","..","23788","..","23788","..","23788","..","127591","..","132360","..","130754","..","111358","..","111358","..","2129","..","1401","..","1112","..","1083","..","1023","..","1023","..","1023","..","6120","..","89442","..","88281","..","42285","..","31210","..","76003","..","26756","..","25447","..","25023","..","16882","..","15354","..","15055","..","18474","..","36700","..","21788","..","25918","..","25168","..","12855","..","12855","..","12405","..","12050","..","12050","..","12050","..","9695","..","27350","..","27350","..","31133","..","31133","..","31133","..","31133","..","31133","..","31133","..","28089","..","28089","..","28089","..","6745","..","34024","..","15394","..","15394","..","18715","..","18766","..","25723","..","21535","..","21535","..","22808","..","22808","..","22841","..","21619","..","19645","..","60288","..","73405","..","73405","..","73405","..","73405","..","73405","..","47426","..","47426","..","27962","..","27962","..","27955","..","49101","..","38538","..","38538","..","48864","..","33156","..","18597","..","18597","..","15397","..","15397","..","15397","..","15397","..","13661","..","12171","..","12171","..","67867","..","67867","..","78005","..","81088","..","82982","..","63373","..","63373","..","140743","..","140743","..","140653","..","33923","..","33923","..","73858","..","64407","..","50911","..","50911","..","27217","..","30674","..","30490","..","29005","..","29005","..","28700","..","27571","..","27571","..","80682","..","80682","..","80682","..","80682","..","80682","..","80682","..","80682","..","80682","..","80682","..","80682","..","53185","..","53185"
"Alagoas","..","54116","..","54116","..","54116","..","52800","..","54829","..","54829","..","54829","..","54829","..","54829","..","54829","..","54829","..","54829","..","54829","..","54829","..","54829","..","54829","..","50476","..","53950","..","53950","..","53950","..","53950","..","53950","..","53950","..","53950","..","54910","..","54910","..","44380","..","52182","..","42600","..","42600","..","45000","..","45000","..","46312","..","48436","..","48436","..","45302","..","45302","..","45302","..","44384","..","47000","..","35760","..","44700","..","44700","..","44919","..","42262","..","42966","..","41760","..","39189","..","39668","..","33616","..","32763","..","32763","..","37025","..","37025","..","37025","..","37025","..","41102","..","41102","..","55066","..","51066","..","37789","..","42737","..","42737","..","42737","..","41473","..","41473","..","41473","..","41473","..","41473","..","24675","..","24675","..","24675","..","24675","..","24675","..","24675","..","24675","..","23885","..","23885","..","23885","..","23885","..","23885","..","20351","..","20351","..","18984","..","18984","..","13995","..","13995","..","13995","..","24678","..","24678","..","18997","..","18997","..","18966","..","18966","..","18966","..","19209","..","19290","..","19209","..","10677","..","8950","..","15162","..","15162","..","15162","..","15162","..","15162","..","20468","..","20468","..","15212","..","16280","..","12299","..","18085","..","18085","..","22636","..","22636","..","22636","..","22636","..","22636","..","27145","..","29657","..","22590","..","22590","..","22590","..","9860","..","9861","..","26961","..","26961","..","26961","..","26961","..","32552","..","37677","..","39332","..","39347","..","39347","..","39347","..","39347","..","39347","..","31127","..","31127","..","31127","..","-","..","-","..","-","..","-","..","-","..","180","..","180","..","180","..","-","..","-","..","-","..","-","..","-","..","-","..","-","..","-","..","-","..","-","..","-","..","-","..","-","..","-","..","-","..","-","..","-","..","-","..","-","..","-","..","-","..","-","..","-","..","-","..","-","..","-","..","-","..","-","..","-","..","-","..","-","..","-","..","-","..","-","..","-","..","-","..","-","..","-","..","-","..","-","..","-","..","-","..","-","..","-","..","-","..","-","..","-","..","-","..","-","..","-","..","-"
"Sergipe","..","235812","..","235812","..","184908","..","184908","..","224854","..","224854","..","224854","..","202043","..","202043","..","202043","..","202043","..","202043","..","202043","..","202043","..","202043","..","202043","..","300000","..","300000","..","400000","..","400000","..","399444","..","399444","..","399444","..","399444","..","451280","..","451280","..","451280","..","584786","..","593972","..","593972","..","593972","..","593972","..","593972","..","593972","..","593972","..","593972","..","700198","..","700198","..","700198","..","703294","..","703294","..","703294","..","703294","..","703294","..","713749","..","725547","..","725547","..","724647","..","750718","..","750718","..","750718","..","750718","..","-","..","-","..","-","..","-","..","-","..","-","..","-","..","-","..","-","..","-","..","-","..","-","..","-","..","-","..","-","..","-","..","-","..","-","..","-","..","-","..","-","..","-","..","-","..","-","..","-","..","-","..","-","..","-","..","-","..","-","..","-","..","-","..","-","..","-","..","-","..","-","..","-","..","-","..","-","..","-","..","-","..","-","..","-","..","-","..","-","..","-","..","-","..","-","..","-","..","-","..","-","..","-","..","-","..","-","..","-","..","-","..","-","..","-","..","-","..","-","..","-","..","-","..","-","..","-","..","-","..","-","..","-","..","-","..","-","..","-","..","-","..","-","..","-","..","-","..","-","..","-","..","-","..","-","..","-","..","-","..","-","..","-","..","-","..","-","..","-","..","-","..","-","..","-","..","-","..","-","..","-","..","-","..","-","..","-","..","-","..","-","..","-","..","-","..","-","..","-","..","-","..","-","..","-","..","-","..","-","..","-","..","-","..","-","..","-","..","-","..","-","..","-","..","-","..","-","..","-","..","-","..","-","..","-","..","-","..","-","..","-","..","-","..","-","..","-","..","-","..","-","..","-","..","-","..","-","..","-","..","-","..","-","..","-","..","-","..","-","..","-","..","-","..","-","..","-","..","-","..","-","..","-","..","-","..","-","..","-","..","-"
"Bahia","..","686425","..","686425","..","686425","..","685359","..","1212529","..","1212529","..","1245150","..","1243764","..","1243764","..","1138926","..","1138926","..","1138926","..","1138926","..","1138926","..","1138926","..","1152923","..","1659419","..","1291616","..","1326641","..","1324804","..","1466165","..","1466165","..","1466165","..","1466165","..","1466165","..","1466165","..","1466165","..","1404873","..","1675032","..","1515384","..","1482349","..","1482349","..","1543338","..","1543338","..","1543338","..","1536417","..","1536417","..","1536417","..","1536417","..","1553333","..","1743609","..","1719463","..","1570462","..","1568465","..","1472444","..","1453172","..","1453172","..","1453172","..","1453172","..","1453172","..","1453172","..","1547254","..","1855447","..","1698410","..","1566891","..","1566891","..","1832752","..","1832752","..","1832752","..","1794387","..","1794387","..","1794387","..","1794387","..","1794387","..","1776494","..","2067199","..","1991199","..","1828628","..","1828628","..","1793553","..","1793553","..","1793553","..","1779229","..","1779229","..","1779229","..","1750266","..","2209677","..","2104704","..","1891090","..","1898830","..","1593001","..","1526460","..","1526460","..","1555493","..","1449315","..","1449315","..","1449315","..","1422939","..","1908007","..","1908007","..","2486308","..","2478958","..","2478958","..","2477860","..","2477605","..","2477605","..","2451487","..","2483760","..","2483760","..","2479794","..","2761310","..","2743189","..","2688365","..","2688365","..","2351003","..","2351003","..","2351003","..","2351003","..","2351003","..","2177504","..","2175996","..","2175996","..","2752700","..","2752700","..","2460083","..","2460083","..","1784117","..","1784117","..","1784117","..","1273690","..","1273690","..","1273690","..","1273690","..","1273690","..","1857900","..","1857900","..","1628880","..","1454480","..","1454480","..","1528880","..","1528880","..","1528880","..","1516880","..","1516880","..","1516880","..","1516880","..","1593900","..","1560300","..","1560300","..","1614140","..","1614140","..","1897740","..","1944540","..","1944540","..","1944540","..","1963740","..","1963740","..","1963740","..","1538400","..","1538400","..","1322400","..","1322400","..","1322400","..","1322400","..","1365600","..","1365600","..","1365600","..","1365600","..","1365600","..","1365600","..","1525200","..","1525200","..","1525200","..","1525200","..","1575200","..","1625200","..","1800200","..","1800200","..","1800200","..","1800200","..","1800200","..","1800200","..","1750000","..","1650000","..","1850000","..","1850000","..","1900000","..","1900000","..","1900000","..","1900000","..","1900000","..","1900000","..","1900000","..","1900000","..","2100000","..","2100000","..","2100000","..","2100000","..","2190800","..","2190800","..","2190800","..","2190800","..","2190800","..","2190800","..","2190800","..","2190800","..","2165320","..","2165320"
"Minas Gerais","..","5055380","..","5050465","..","5050465","..","5050635","..","5769148","..","5874236","..","5875742","..","5850117","..","6011643","..","5997947","..","5997947","..","5991797","..","5960552","..","5973285","..","5972564","..","5965728","..","6230115","..","6274393","..","6258649","..","6344560","..","6367487","..","6413728","..","6416770","..","6413062","..","6407079","..","6410280","..","6410686","..","6391956","..","6252305","..","6231305","..","6220374","..","6248769","..","6286721","..","6302109","..","6300058","..","6300058","..","6287639","..","6372362","..","6367880","..","6366522","..","5856500","..","5826040","..","5833303","..","5830894","..","5920650","..","5932060","..","5932100","..","5920253","..","5900646","..","5894570","..","5892806","..","5925670","..","6135632","..","5936717","..","5869671","..","5886060","..","6062964","..","6155766","..","6195994","..","6198412","..","6202934","..","6206531","..","6206177","..","6207635","..","7079640","..","7079400","..","7056588","..","7038443","..","7167290","..","7217733","..","7284371","..","7283713","..","7252409","..","7072056","..","7093716","..","7091516","..","6917609","..","6779678","..","6801969","..","6857243","..","6864304","..","6830986","..","6822543","..","6830078","..","6828644","..","6817068","..","6816999","..","6816461","..","6584849","..","5971242","..","5774064","..","5771737","..","5740848","..","5740848","..","5742791","..","5744372","..","5743862","..","5749548","..","5756547","..","5761839","..","6045296","..","5699593","..","5477035","..","5396053","..","5472184","..","5461649","..","5458857","..","5477671","..","5459788","..","5452850","..","5442875","..","5430911","..","5124887","..","5173308","..","5050358","..","5047931","..","5050539","..","5041765","..","5041246","..","5044727","..","5044727","..","5046679","..","5046599","..","5046158","..","5636320","..","5693048","..","5701773","..","5749875","..","5785950","..","5796625","..","5796625","..","5796858","..","5796858","..","5793598","..","5780689","..","5780224","..","5003031","..","5003031","..","5003031","..","5003031","..","5003031","..","5003031","..","5003031","..","5003031","..","5003031","..","4570184","..","4570184","..","4570671","..","4625520","..","4625520","..","4496710","..","4448476","..","4480155","..","4481081","..","4483583","..","4488445","..","4511751","..","4503629","..","4503629","..","4532559","..","4716605","..","4716605","..","4716605","..","4714890","..","4827738","..","4842168","..","4846360","..","4778026","..","4710039","..","4686162","..","4644386","..","4644386","..","4686891","..","4688793","..","4718145","..","4719999","..","4806435","..","4783073","..","4789774","..","4821167","..","4900603","..","4897216","..","4895848","..","4895848","..","5115319","..","5115319","..","5122316","..","5148465","..","5454180","..","5569235","..","5590235","..","5590786","..","5590786","..","5588707","..","5588707","..","5588707","..","4952917","..","4952917"
"Espírito Santo","..","79477","..","78377","..","78377","..","78377","..","86669","..","86669","..","92648","..","92648","..","92648","..","91841","..","91841","..","91841","..","91841","..","91841","..","91841","..","91841","..","93874","..","93874","..","94326","..","95551","..","95551","..","95401","..","95401","..","95401","..","95401","..","95401","..","94641","..","94641","..","97079","..","96479","..","96479","..","97139","..","97139","..","97139","..","97139","..","97139","..","97139","..","97139","..","97139","..","97139","..","94176","..","94176","..","78031","..","78031","..","75363","..","75363","..","75363","..","74218","..","74218","..","74218","..","70333","..","70333","..","66322","..","66322","..","66322","..","66322","..","77804","..","77804","..","82547","..","82547","..","82547","..","82547","..","81526","..","81526","..","71981","..","76781","..","76792","..","76792","..","77240","..","76463","..","76463","..","76463","..","76456","..","76456","..","75584","..","75584","..","68634","..","68157","..","65957","..","65195","..","65345","..","64677","..","64677","..","64677","..","64677","..","64409","..","64409","..","64409","..","63920","..","63920","..","45081","..","61652","..","61468","..","60887","..","60887","..","60632","..","60632","..","61372","..","61372","..","61361","..","50914","..","25325","..","25325","..","24703","..","24703","..","24226","..","24226","..","24226","..","24226","..","29448","..","29448","..","22798","..","42797","..","42308","..","42308","..","41077","..","40402","..","39848","..","38034","..","36864","..","36864","..","36864","..","36864","..","35264","..","33081","..","33826","..","33826","..","33536","..","33536","..","33531","..","33531","..","33531","..","33531","..","33546","..","33546","..","33324","..","33430","..","33430","..","33623","..","33623","..","33623","..","33409","..","33409","..","33300","..","33300","..","33300","..","33300","..","33331","..","32892","..","32492","..","32492","..","31914","..","31914","..","31914","..","31914","..","31914","..","31914","..","31914","..","31914","..","31982","..","32658","..","32892","..","33379","..","33379","..","33114","..","33122","..","33122","..","32972","..","32972","..","32972","..","33152","..","33122","..","32151","..","33329","..","33381","..","34003","..","34055","..","34055","..","34055","..","35165","..","35413","..","35413","..","35798","..","35798","..","37872","..","37872","..","39414","..","39414","..","39414","..","39641","..","39641","..","39641","..","34768","..","34768","..","35756","..","35333","..","41514","..","41514"
"Rio de Janeiro","..","25786","..","25786","..","25786","..","25786","..","23432","..","23432","..","23752","..","23561","..","22566","..","22566","..","22551","..","22551","..","22551","..","22551","..","22432","..","22551","..","24075","..","20938","..","19568","..","19568","..","19800","..","19800","..","19800","..","19725","..","19725","..","19734","..","19734","..","19734","..","20243","..","19826","..","19739","..","19871","..","20271","..","20084","..","20084","..","20316","..","19506","..","19517","..","19517","..","19517","..","19072","..","18428","..","18428","..","18428","..","18428","..","17506","..","17557","..","17557","..","17557","..","17677","..","17677","..","17677","..","17909","..","18188","..","18516","..","18516","..","18010","..","17885","..","17896","..","18126","..","18314","..","18314","..","18278","..","18278","..","17386","..","16016","..","16016","..","15677","..","16149","..","16067","..","14970","..","14970","..","14970","..","14986","..","14986","..","14986","..","14142","..","14142","..","14193","..","14197","..","13310","..","13310","..","13310","..","13310","..","13310","..","13310","..","13310","..","13310","..","10622","..","10658","..","10638","..","10422","..","10422","..","10195","..","10174","..","10174","..","10174","..","10174","..","10174","..","10161","..","6424","..","6424","..","6201","..","4439","..","4439","..","4209","..","4002","..","4002","..","4002","..","4002","..","4002","..","4002","..","4214","..","4195","..","4195","..","4062","..","4062","..","4017","..","3887","..","3887","..","3887","..","3887","..","3887","..","3887","..","4761","..","4781","..","6199","..","6181","..","6181","..","6181","..","6181","..","6181","..","6181","..","6181","..","6181","..","6181","..","5522","..","5141","..","5375","..","4163","..","4838","..","4838","..","4838","..","4838","..","4838","..","4824","..","4821","..","4821","..","4126","..","3306","..","3025","..","2847","..","3612","..","3612","..","3612","..","3612","..","3532","..","3532","..","2980","..","3548","..","3733","..","3733","..","3577","..","3577","..","3562","..","3562","..","3562","..","3562","..","3562","..","3562","..","3562","..","3562","..","3282","..","3282","..","3273","..","3273","..","3310","..","3345","..","4888","..","4888","..","4888","..","4938","..","4938","..","4935","..","5049","..","5285","..","7220","..","7163","..","7659","..","7139","..","7223","..","7223","..","7223","..","7223","..","7223","..","7225","..","7413","..","7413"
"São Paulo","..","3787900","..","3787900","..","3787900","..","3787900","..","3304401","..","3304401","..","3304401","..","3304401","..","3304401","..","3304401","..","3304401","..","3304401","..","3304401","..","3304401","..","3304401","..","3304401","..","3301500","..","3405500","..","3440250","..","3440250","..","3544500","..","3544500","..","3711300","..","3711300","..","3711300","..","3711300","..","3711300","..","3711300","..","3402720","..","3328960","..","3328960","..","3328960","..","3328960","..","3367744","..","3367744","..","3367744","..","3367744","..","3367744","..","3367744","..","3367744","..","3169515","..","3169515","..","3169515","..","3169515","..","3169515","..","3169515","..","3169515","..","3470200","..","3470200","..","3470200","..","3470200","..","3470200","..","3277500","..","3237050","..","3237050","..","3237050","..","3237050","..","3210567","..","3210567","..","3210567","..","3210567","..","3210567","..","3210567","..","3210567","..","3174565","..","3287690","..","3287690","..","3287690","..","3287690","..","3355761","..","3355761","..","3355761","..","3400880","..","3400880","..","3400880","..","3400880","..","3414383","..","3277320","..","3277320","..","3277320","..","3277320","..","3348000","..","3348000","..","3348000","..","3348000","..","3348000","..","3348000","..","3348000","..","3236898","..","3236898","..","1933274","..","1933274","..","1933274","..","1933274","..","1935974","..","1935974","..","1935974","..","2139200","..","2139200","..","2139200","..","2868204","..","2656661","..","2656661","..","2656661","..","2656661","..","2656661","..","2454900","..","2454900","..","2454900","..","2697220","..","2697220","..","2697220","..","2660603","..","2695760","..","2695760","..","2695760","..","2695760","..","2695760","..","2746170","..","2746170","..","2718300","..","2718300","..","2718300","..","2718300","..","2723889","..","2723889","..","2723889","..","2720133","..","2720133","..","2720133","..","2789100","..","2789100","..","2853800","..","2853800","..","2853800","..","2853800","..","2646970","..","2646970","..","2646970","..","2264026","..","2264026","..","2277600","..","2277600","..","2277600","..","2651548","..","2651548","..","2651548","..","2651548","..","2345000","..","2345000","..","1966000","..","1966000","..","1966000","..","1973100","..","1973100","..","1973100","..","2195355","..","2195355","..","2195355","..","2195355","..","2107900","..","2107900","..","2107900","..","2107900","..","2107900","..","2171708","..","2171708","..","2171708","..","2172123","..","2172123","..","2172123","..","2172123","..","1899300","..","1899300","..","1899300","..","2154160","..","2154160","..","2154160","..","2154160","..","2154160","..","2281515","..","2281515","..","2281515","..","2281515","..","1845700","..","1845700","..","1845700","..","2211803","..","2211803","..","2211803","..","2211803","..","2211803","..","1995500","..","1995500","..","1995500","..","1995500","..","2263352","..","2263352"
"Paraná","..","7721168","..","7721168","..","7721168","..","7721168","..","8200288","..","8645548","..","8663407","..","8767041","..","8861566","..","8779178","..","8779178","..","8779178","..","8779178","..","8779178","..","8779178","..","8779178","..","8820912","..","9061225","..","9223696","..","9470893","..","9639706","..","9704163","..","9709788","..","9709788","..","9709788","..","9709788","..","9709788","..","9709788","..","6001160","..","6024948","..","6075561","..","6141889","..","6298021","..","6439679","..","6573413","..","6573413","..","6573413","..","6573413","..","6573413","..","6573413","..","6299322","..","6476416","..","6628924","..","6628950","..","6805870","..","6919520","..","6919520","..","6919520","..","6919520","..","6919520","..","6919520","..","6919520","..","5336389","..","5389764","..","5713373","..","5858356","..","5860260","..","5928530","..","5928530","..","6047055","..","6047055","..","6111483","..","6111483","..","6111483","..","6050617","..","6043534","..","6310757","..","6396100","..","6474467","..","6491099","..","6491099","..","6539222","..","6539222","..","6539222","..","6539222","..","6539222","..","6918818","..","6837261","..","6891205","..","7165840","..","7098066","..","7128193","..","7128193","..","7128193","..","7128193","..","7128193","..","7128193","..","7128193","..","5623929","..","5508351","..","5429288","..","5308255","..","5332973","..","5375565","..","5375565","..","5375565","..","5375565","..","5375565","..","5375565","..","5375565","..","4588963","..","4635660","..","4668223","..","4671246","..","4679671","..","4688823","..","4688823","..","4688823","..","4688823","..","4688823","..","4688823","..","4688823","..","3692023","..","3522269","..","3448940","..","3409668","..","3406860","..","3406860","..","3406860","..","3406860","..","3406860","..","3406860","..","3406860","..","3303508","..","4400229","..","4434675","..","4609003","..","4646548","..","4765912","..","4765912","..","4889083","..","4889083","..","4931876","..","4931876","..","4931876","..","4931876","..","2985246","..","2973351","..","2854481","..","2822106","..","2887598","..","2887598","..","2887598","..","2887598","..","2887598","..","2887598","..","2887598","..","2887598","..","3100000","..","3096110","..","3096110","..","3156605","..","3166720","..","3173825","..","3139800","..","3139820","..","3159735","..","3159735","..","3159735","..","3159735","..","3246989","..","3308937","..","3453339","..","3515300","..","3533700","..","3534500","..","3550900","..","3564900","..","3564900","..","3564900","..","3564900","..","3564900","..","3365200","..","3171000","..","3072800","..","3120100","..","3116700","..","3103900","..","3803700","..","3115200","..","3115200","..","3115200","..","3116800","..","3116800","..","2726600","..","2764600","..","2892905","..","2941400","..","2969800","..","2970700","..","2973200","..","2961900","..","2961944","..","2963800","..","2963800","..","2963800","..","3692500","..","3696422"
"Santa Catarina","..","2886139","..","2886139","..","2886139","..","2886139","..","3608701","..","3608701","..","3691775","..","3691775","..","3794078","..","3794078","..","3794078","..","3794078","..","3794078","..","3794078","..","3793551","..","3793363","..","3917841","..","3917841","..","4064756","..","4254250","..","4189900","..","4132700","..","4089800","..","4089217","..","4089217","..","4089217","..","4089217","..","4089217","..","3673460","..","3597931","..","3696335","..","3662945","..","3371000","..","3345858","..","3265243","..","3265243","..","3265243","..","3265243","..","3265243","..","3265243","..","3374800","..","3374800","..","3374800","..","3772197","..","3772197","..","3772197","..","3610219","..","3693312","..","3693312","..","3693312","..","3693312","..","3693312","..","3382500","..","3382500","..","3507648","..","3507648","..","3524644","..","3524644","..","3606213","..","3606213","..","3606623","..","3606623","..","3606623","..","3606623","..","3878222","..","3878222","..","3552713","..","3552713","..","3552713","..","3437586","..","2986900","..","3380341","..","2880743","..","2880743","..","2880743","..","2870450","..","3474047","..","3474047","..","3298347","..","3298347","..","3298347","..","3326284","..","3326284","..","3326284","..","3326284","..","3326284","..","3326284","..","3326284","..","3225957","..","3225957","..","3225957","..","3132314","..","3132314","..","3193188","..","3193188","..","3193188","..","3149729","..","3149729","..","3149729","..","3149729","..","3186120","..","3186120","..","3127480","..","3127480","..","3127480","..","3157000","..","3157000","..","3157000","..","3076480","..","3076480","..","3076480","..","3076480","..","2775000","..","2775000","..","2775000","..","2775000","..","2775000","..","2701000","..","2701000","..","2701000","..","2530363","..","2530363","..","2530363","..","2530363","..","2910600","..","2910600","..","3061562","..","3061562","..","3061562","..","3108536","..","3108536","..","3108536","..","3108536","..","3108536","..","3108536","..","3108536","..","2771096","..","2771096","..","2771096","..","2564439","..","2564439","..","2564439","..","2564439","..","2564439","..","2556478","..","2556478","..","2556478","..","2556478","..","2796975","..","2796975","..","2798996","..","2798996","..","2798996","..","2798996","..","2773257","..","2773257","..","2773257","..","2773257","..","2773257","..","2773257","..","2782881","..","2782881","..","2781620","..","2781620","..","2781620","..","2781620","..","2699729","..","2699729","..","2699729","..","2699729","..","2699729","..","2699729","..","2760641","..","2760641","..","2200000","..","2200000","..","2200000","..","2200000","..","2200000","..","2200000","..","2200000","..","2200000","..","2006862","..","2006862","..","2408686","..","2408686","..","2054536","..","2054536","..","2054536","..","2054536","..","2054536","..","2054536","..","2054536","..","2054536","..","2112327","..","2112327","..","2587200","..","2587200"
"Rio Grande do Sul","..","4530562","..","4530562","..","4530562","..","4530562","..","5234551","..","5261148","..","5491316","..","5491316","..","5967161","..","5973183","..","5990837","..","5990837","..","5991497","..","5991497","..","5991497","..","5991497","..","5614984","..","5614984","..","5492439","..","5520229","..","5478980","..","5324252","..","5322052","..","5322052","..","5322052","..","5322052","..","5322052","..","5322052","..","4438909","..","4405617","..","4697377","..","4325811","..","4037422","..","4249000","..","4249000","..","4249000","..","4249000","..","4249000","..","4249000","..","4249000","..","5036200","..","5257300","..","5282100","..","5532700","..","5585900","..","5585900","..","5596300","..","5596300","..","5596300","..","5596300","..","5596300","..","5596300","..","5007700","..","5007700","..","5399485","..","5399485","..","5675500","..","5675500","..","5776300","..","5776300","..","5776300","..","5776300","..","5776300","..","5776300","..","3190000","..","3190000","..","3335845","..","3335845","..","3217964","..","3217964","..","3217964","..","3217964","..","3156869","..","3156869","..","3156869","..","3155061","..","4700200","..","5245686","..","5243169","..","5243169","..","5332758","..","5332758","..","5349956","..","5349956","..","5349956","..","5349956","..","5349956","..","5349956","..","5397067","..","5344611","..","5401926","..","5401926","..","5430417","..","5430417","..","5430417","..","5390191","..","5389916","..","5389916","..","5389916","..","5389916","..","5333738","..","5378488","..","5503975","..","5503975","..","5640375","..","5640375","..","5633650","..","5633650","..","5633650","..","5633650","..","5633650","..","5633650","..","4809124","..","4708842","..","4743847","..","4743847","..","4742922","..","4742922","..","4723828","..","4723828","..","4723828","..","4729948","..","4729948","..","4729948","..","5566945","..","5691765","..","5856715","..","5856715","..","6038683","..","6038683","..","6062550","..","6062550","..","6062550","..","6062550","..","6062550","..","6062550","..","4881505","..","4881505","..","4881505","..","4528427","..","4528427","..","4528427","..","4528427","..","4514545","..","4552915","..","4565665","..","4565665","..","4565633","..","5372406","..","5510104","..","5706331","..","5706331","..","5744024","..","5744024","..","5739403","..","5739403","..","5739403","..","5738614","..","5738614","..","5738614","..","5886185","..","5886185","..","4629486","..","4629486","..","4203143","..","4203143","..","4150697","..","4150697","..","4151507","..","4208693","..","4208693","..","4208693","..","4585604","..","4435388","..","4429108","..","4429108","..","4351288","..","4351288","..","4391760","..","4391760","..","4379894","..","4379651","..","4379651","..","4391398","..","5527212","..","3856406","..","3024976","..","3024976","..","2983639","..","2983639","..","3005494","..","3005494","..","3001734","..","3000740","..","3000740","..","3000740","..","5830607","..","5048848"
"Mato Grosso do Sul","..","548892","..","548892","..","548892","..","548892","..","550000","..","550000","..","550000","..","571009","..","571009","..","571071","..","571071","..","585399","..","585399","..","585399","..","585399","..","585399","..","524400","..","554152","..","554152","..","606363","..","606363","..","626023","..","626023","..","626503","..","626503","..","626503","..","626503","..","626503","..","528000","..","498219","..","498219","..","501873","..","501873","..","499281","..","499281","..","499281","..","499281","..","490281","..","490281","..","490281","..","390000","..","362250","..","362250","..","372921","..","372921","..","376830","..","376830","..","379818","..","379818","..","379818","..","379818","..","379818","..","273050","..","285269","..","285269","..","295113","..","295113","..","319702","..","319702","..","319702","..","319702","..","323272","..","323272","..","323272","..","476000","..","465800","..","465800","..","446515","..","446515","..","465835","..","465835","..","465835","..","465835","..","465835","..","465835","..","465835","..","363750","..","363750","..","363750","..","367447","..","367447","..","380171","..","380171","..","380171","..","380171","..","380171","..","380171","..","380171","..","208000","..","208660","..","208660","..","206461","..","206461","..","206461","..","206461","..","206461","..","206461","..","205321","..","205321","..","204727","..","192000","..","183954","..","183954","..","177962","..","177962","..","175822","..","175822","..","174493","..","174493","..","174493","..","174493","..","175309","..","130050","..","115164","..","115164","..","111744","..","111744","..","118411","..","118411","..","118159","..","118159","..","118143","..","118143","..","118143","..","246500","..","255051","..","255051","..","275147","..","275147","..","272895","..","272895","..","272438","..","272438","..","272438","..","272414","..","272414","..","120000","..","120000","..","153000","..","144220","..","144220","..","144220","..","144220","..","137784","..","137784","..","130152","..","130152","..","129597","..","144009","..","144009","..","121588","..","127937","..","127937","..","127937","..","100761","..","100761","..","129160","..","129160","..","126906","..","126158","..","123586","..","136136","..","136136","..","136136","..","125464","..","125464","..","125447","..","125447","..","125447","..","125447","..","125447","..","125447","..","143067","..","143067","..","138403","..","138403","..","138403","..","140405","..","140405","..","131128","..","131128","..","131128","..","131128","..","131147","..","173007","..","195938","..","195938","..","195938","..","195938","..","207927","..","207927","..","207927","..","207927","..","213867","..","213867","..","213703","..","170000","..","170000"
"Mato Grosso","..","479664","..","479664","..","479664","..","503287","..","678217","..","678217","..","678217","..","678217","..","779166","..","779166","..","779166","..","779166","..","767572","..","767572","..","767572","..","767572","..","771259","..","733513","..","733513","..","790416","..","790416","..","790416","..","846511","..","846511","..","784184","..","784184","..","784184","..","784184","..","594603","..","594603","..","570411","..","570411","..","530768","..","530768","..","533333","..","533333","..","540279","..","540279","..","540279","..","540279","..","402191","..","402191","..","386954","..","386954","..","382404","..","382404","..","382360","..","382360","..","384520","..","384520","..","384520","..","384520","..","291575","..","291575","..","291575","..","307126","..","306674","..","306674","..","322293","..","322293","..","339078","..","339078","..","339078","..","339078","..","521264","..","521264","..","525470","..","525470","..","548256","..","548256","..","584319","..","584319","..","567197","..","567197","..","567197","..","567197","..","396186","..","396186","..","492757","..","492757","..","508250","..","508250","..","504114","..","504114","..","501104","..","501104","..","501104","..","501104","..","369093","..","369093","..","335898","..","335898","..","325548","..","325548","..","312323","..","312323","..","305893","..","305893","..","305893","..","305893","..","362470","..","362470","..","390670","..","390670","..","326226","..","326226","..","326491","..","326169","..","344516","..","327849","..","327849","..","327849","..","296339","..","307260","..","274058","..","275788","..","261405","..","261405","..","256415","..","256415","..","259303","..","258994","..","258994","..","258994","..","498199","..","503479","..","497590","..","497590","..","483530","..","483530","..","517966","..","517966","..","515866","..","525179","..","525179","..","525179","..","306289","..","306289","..","309137","..","309137","..","310077","..","310077","..","308206","..","308206","..","307546","..","307546","..","307546","..","307546","..","268834","..","268834","..","281991","..","281991","..","287811","..","287811","..","280585","..","280585","..","280285","..","280285","..","279898","..","279898","..","254432","..","254432","..","259521","..","259521","..","259683","..","259683","..","253260","..","253260","..","253260","..","253260","..","254353","..","254353","..","264432","..","264432","..","265290","..","265290","..","265290","..","265290","..","259710","..","259710","..","293350","..","293350","..","294133","..","294133","..","377804","..","377804","..","403313","..","403313","..","418241","..","418241","..","418241","..","418241","..","418241","..","418241","..","418241","..","418241","..","438353","..","438353"
"Goiás","..","2255806","..","2255806","..","2255806","..","2255806","..","2984328","..","2859145","..","2859145","..","3003942","..","3003942","..","3003942","..","3003942","..","3003942","..","3003942","..","3003942","..","3043396","..","3043396","..","3503393","..","3503393","..","3535259","..","3668359","..","3668359","..","3754619","..","3763224","..","3764104","..","3764104","..","3764104","..","3764104","..","3764104","..","2986520","..","2920962","..","3174685","..","3175498","..","3175498","..","3201840","..","3204539","..","3201840","..","3183949","..","3183949","..","3187737","..","3187737","..","2293596","..","2293596","..","2293596","..","2293596","..","2408000","..","2415789","..","2410889","..","2475569","..","2452492","..","2452492","..","2493586","..","2552991","..","2345653","..","2745660","..","2544055","..","2544055","..","2530869","..","2600457","..","2628654","..","2628654","..","2628654","..","2628654","..","2628654","..","2628654","..","3193282","..","3387400","..","3441922","..","3732201","..","3783683","..","3768458","..","3742209","..","3885317","..","3693388","..","3661998","..","3656748","..","3663422","..","2827147","..","2701824","..","2814094","..","2814094","..","2803493","..","2803493","..","2805083","..","2805083","..","2804759","..","2804759","..","2804759","..","2804599","..","2359455","..","2359455","..","2192996","..","2192996","..","2192996","..","2248219","..","2248219","..","2249499","..","2251029","..","2203505","..","2203505","..","2121736","..","1921071","..","1787421","..","1784222","..","1700344","..","1700344","..","1733573","..","1781773","..","1781773","..","1799440","..","1801190","..","1801190","..","1800078","..","1859914","..","1895677","..","1839139","..","1824286","..","1792235","..","1800495","..","1800495","..","1795665","..","1795665","..","1818771","..","1807108","..","1867503","..","1989481","..","1947515","..","1988984","..","2047787","..","2047787","..","2056776","..","2063401","..","2065783","..","2065783","..","2027663","..","2008443","..","2010682","..","1766141","..","1745412","..","1745266","..","1751173","..","1757383","..","1757383","..","1757141","..","1757141","..","1751364","..","1775709","..","1771583","..","1646047","..","1778660","..","1472643","..","1430031","..","1447929","..","1457940","..","1514537","..","1519903","..","1525798","..","1529417","..","1430417","..","1425754","..","1419324","..","1423627","..","1441083","..","1443319","..","1443319","..","1442612","..","1479452","..","1520516","..","1456466","..","1486699","..","1493347","..","1493213","..","1493213","..","1600062","..","1599481","..","1505777","..","1491713","..","1491713","..","1544529","..","1537573","..","1512862","..","1512574","..","1512574","..","1494713","..","1494713","..","1364282","..","1364282","..","1364282","..","1438241","..","1438241","..","1377838","..","1377838","..","1475439","..","1475439","..","1467555","..","1468362","..","1468362","..","1386461","..","1379139"
"Distrito Federal","..","203023","..","203644","..","203644","..","203644","..","226142","..","226142","..","226142","..","264205","..","264205","..","265541","..","265541","..","265541","..","265541","..","265541","..","240159","..","240159","..","287000","..","287000","..","280207","..","285366","..","277221","..","277221","..","277221","..","277272","..","277272","..","277272","..","278502","..","278502","..","262920","..","262920","..","262920","..","262920","..","246197","..","246197","..","246197","..","246197","..","246197","..","246197","..","246197","..","254514","..","192989","..","192989","..","192989","..","192989","..","192989","..","201231","..","201231","..","200238","..","200238","..","200564","..","200564","..","200564","..","169500","..","187500","..","187500","..","225796","..","225796","..","225796","..","225796","..","229347","..","229347","..","229347","..","229347","..","229347","..","336500","..","251192","..","273501","..","273501","..","273501","..","273501","..","273501","..","301470","..","301470","..","301470","..","301470","..","338068","..","305000","..","287000","..","294183","..","321326","..","321326","..","304886","..","304886","..","304886","..","304886","..","304886","..","304886","..","304886","..","283230","..","375726","..","375726","..","375726","..","375726","..","375726","..","375726","..","375726","..","375726","..","375726","..","375726","..","375726","..","331500","..","93253","..","196337","..","196337","..","196337","..","196337","..","196337","..","196337","..","196337","..","196337","..","196337","..","196337","..","230051","..","71220","..","196337","..","196337","..","196337","..","106030","..","106030","..","106030","..","106030","..","106030","..","106030","..","192764","..","221073","..","221073","..","221073","..","221073","..","221073","..","221073","..","221073","..","221073","..","221073","..","221073","..","168000","..","168000","..","221073","..","221073","..","221073","..","221073","..","221073","..","221073","..","225180","..","225180","..","225180","..","225180","..","225180","..","225180","..","200250","..","200250","..","200250","..","230400","..","230400","..","230400","..","230400","..","230400","..","230400","..","230400","..","230400","..","230400","..","194400","..","194400","..","219450","..","219450","..","219450","..","219450","..","219450","..","219450","..","219450","..","219450","..","219450","..","219450","..","194400","..","194400","..","172800","..","172800","..","172800","..","135000","..","135000","..","135000","..","135000","..","135000","..","135000","..","135000","..","140400","..","140400","..","132600","..","132600","..","132600","..","132600","..","117000","..","117000","..","117000","..","117000","..","117000","..","117000","..","100800","..","100800"
"Fonte: IBGE - Levantamento Sistemático da Produção Agrícola"

"Notas"
"1 - Para as Unidades da Federação que, por força do calendário agrícola, ainda não dispõem das estimativas iniciais, os dados correspondem a uma projeção obtida a partir das informações de anos anteriores;"
"2 - As produções de abacaxi e de coco-da-baía são expressas em mil frutos e os seus rendimentos médios em frutos/ha."
"3 - Utilizou-se a padronização de 61% para a conversão da produção do algodão em caroço para caroço de algodão, apenas para a totalização da produção dos cereais, leguminosas e oleaginosas."
"4 - Possíveis diferenças entre somas de parcelas e respectivos totais são provenientes do critério de arredondamento."
"5 - As informações mensais que compõem a série histórica estão disponível a partir de setembro de 2006."
"6 - A partir de janeiro de 2018 foram retirados da divulgação os seguintes produtos: abacaxi, alho, cebola, coco-da-baía, guaraná, maçã, malva, pimenta-do-reino, sisal/agave. Os mesmos continuam sendo acompanhados na pesquisa anual da Produção Agrícola Municipal."
""
"Legenda"
"Símbolo","Significado"
"-","Zero absoluto, não resultante de um cálculo ou arredondamento.
Ex: Em determinado município não existem pessoas de 14 anos de idade sem instrução."
"0","Zero resultante de um cálculo ou arredondamento.
Ex: A inflação do feijão em determinada Região Metropolitana foi 0.
Determinado município produziu 400 kg de sementes de girassol e os dados da tabela são expressos em toneladas."
"X","Valor inibido para não identificar o informante.
Ex: Determinado município só possui uma empresa produtora de cimento, logo o valor de sua produção deve ser inibido."
"..","Valor não se aplica.
Ex: Não se pode obter o total da produção agrícola em determinado município quando os produtos agrícolas são contabilizados com unidades de medida distintas."
"...","Valor não disponível.
Ex: A produção de feijão em determinado município não foi pesquisada ou determinado município não existia no ano da pesquisa."
"A a Z
(exceto X)","Significa uma faixa de valores. Varia em função da tabela (se for o caso).
Ex: O nível de precisão da produção estimada de combustíveis está na faixa A (95 a 100%)"
