"Tabela 254 - Número de informantes e Quantidade estocada no último dia do semestre, por produtos, tipo de propriedade da empresa e tipo de atividade do estabelecimento"
"Variável - Quantidade estocada (Toneladas)"
"Unidade da Federação";"Tipo de atividade do estabelecimento";"Semestre x Produtos x Tipo de propriedade da empresa"
"Unidade da Federação";"Tipo de atividade do estabelecimento";"2º semestre 2007";;;;"1º semestre 2008";;;;"2º semestre 2008";;;;"1º semestre 2009";;;;"2º semestre 2009";;;;"1º semestre 2010";;;;"2º semestre 2010";;;;"1º semestre 2011";;;;"2º semestre 2011";;;;"1º semestre 2012";;;;"2º semestre 2012";;;;"1º semestre 2013";;;;"2º semestre 2013";;;;"1º semestre 2014";;;;"2º semestre 2014";;;;"1º semestre 2015";;;;"2º semestre 2015";;;;"1º semestre 2016";;;;"2º semestre 2016";;;;"1º semestre 2017";;;;"2º semestre 2017";;;;"1º semestre 2018";;;;"2º semestre 2018";;;;"1º semestre 2019";;;;"2º semestre 2019";;;;"1º semestre 2020";;;;"2º semestre 2020";;;;"1º semestre 2021";;;;"2º semestre 2021";;;;"1º semestre 2022"
"Unidade da Federação";"Tipo de atividade do estabelecimento";"Soja (em grão)";;;;"Soja (em grão)";;;;"Soja (em grão)";;;;"Soja (em grão)";;;;"Soja (em grão)";;;;"Soja (em grão)";;;;"Soja (em grão)";;;;"Soja (em grão)";;;;"Soja (em grão)";;;;"Soja (em grão)";;;;"Soja (em grão)";;;;"Soja (em grão)";;;;"Soja (em grão)";;;;"Soja (em grão)";;;;"Soja (em grão)";;;;"Soja (em grão)";;;;"Soja (em grão)";;;;"Soja (em grão)";;;;"Soja (em grão)";;;;"Soja (em grão)";;;;"Soja (em grão)";;;;"Soja (em grão)";;;;"Soja (em grão)";;;;"Soja (em grão)";;;;"Soja (em grão)";;;;"Soja (em grão)";;;;"Soja (em grão)";;;;"Soja (em grão)";;;;"Soja (em grão)";;;;"Soja (em grão)"
"Unidade da Federação";"Tipo de atividade do estabelecimento";"Governo";"Iniciativa privada (exceto cooperativa)";"Cooperativa";"Economia mista";"Governo";"Iniciativa privada (exceto cooperativa)";"Cooperativa";"Economia mista";"Governo";"Iniciativa privada (exceto cooperativa)";"Cooperativa";"Economia mista";"Governo";"Iniciativa privada (exceto cooperativa)";"Cooperativa";"Economia mista";"Governo";"Iniciativa privada (exceto cooperativa)";"Cooperativa";"Economia mista";"Governo";"Iniciativa privada (exceto cooperativa)";"Cooperativa";"Economia mista";"Governo";"Iniciativa privada (exceto cooperativa)";"Cooperativa";"Economia mista";"Governo";"Iniciativa privada (exceto cooperativa)";"Cooperativa";"Economia mista";"Governo";"Iniciativa privada (exceto cooperativa)";"Cooperativa";"Economia mista";"Governo";"Iniciativa privada (exceto cooperativa)";"Cooperativa";"Economia mista";"Governo";"Iniciativa privada (exceto cooperativa)";"Cooperativa";"Economia mista";"Governo";"Iniciativa privada (exceto cooperativa)";"Cooperativa";"Economia mista";"Governo";"Iniciativa privada (exceto cooperativa)";"Cooperativa";"Economia mista";"Governo";"Iniciativa privada (exceto cooperativa)";"Cooperativa";"Economia mista";"Governo";"Iniciativa privada (exceto cooperativa)";"Cooperativa";"Economia mista";"Governo";"Iniciativa privada (exceto cooperativa)";"Cooperativa";"Economia mista";"Governo";"Iniciativa privada (exceto cooperativa)";"Cooperativa";"Economia mista";"Governo";"Iniciativa privada (exceto cooperativa)";"Cooperativa";"Economia mista";"Governo";"Iniciativa privada (exceto cooperativa)";"Cooperativa";"Economia mista";"Governo";"Iniciativa privada (exceto cooperativa)";"Cooperativa";"Economia mista";"Governo";"Iniciativa privada (exceto cooperativa)";"Cooperativa";"Economia mista";"Governo";"Iniciativa privada (exceto cooperativa)";"Cooperativa";"Economia mista";"Governo";"Iniciativa privada (exceto cooperativa)";"Cooperativa";"Economia mista";"Governo";"Iniciativa privada (exceto cooperativa)";"Cooperativa";"Economia mista";"Governo";"Iniciativa privada (exceto cooperativa)";"Cooperativa";"Economia mista";"Governo";"Iniciativa privada (exceto cooperativa)";"Cooperativa";"Economia mista";"Governo";"Iniciativa privada (exceto cooperativa)";"Cooperativa";"Economia mista";"Governo";"Iniciativa privada (exceto cooperativa)";"Cooperativa";"Economia mista";"Governo";"Iniciativa privada (exceto cooperativa)";"Cooperativa";"Economia mista";"Governo";"Iniciativa privada (exceto cooperativa)";"Cooperativa";"Economia mista"
"Rondônia";"Comércio (exceto supermercado)";"-";"X";"-";"-";"-";"-";"-";"-";"-";"-";"-";"-";"-";"X";"-";"-";"-";"-";"-";"-";"-";"X";"-";"-";"-";"X";"-";"-";"-";"X";"-";"-";"-";"X";"-";"-";"-";"X";"-";"-";"-";"X";"-";"-";"-";"X";"-";"-";"-";"X";"-";"-";"-";"33138";"-";"-";"-";"-";"-";"-";"-";"29394";"-";"-";"-";"X";"-";"-";"-";"X";"-";"-";"-";"X";"-";"-";"-";"X";"-";"-";"-";"X";"-";"-";"-";"X";"-";"-";"-";"X";"-";"-";"-";"X";"-";"-";"-";"-";"-";"-";"-";"X";"-";"-";"-";"X";"-";"-";"-";"X";"-";"-";"-";"X";"-";"-";"-";"36801";"-";"-"
"Rondônia";"Supermercado";"-";"-";"-";"-";"-";"-";"-";"-";"-";"-";"-";"-";"-";"-";"-";"-";"-";"-";"-";"-";"-";"-";"-";"-";"-";"-";"-";"-";"-";"-";"-";"-";"-";"-";"-";"-";"-";"-";"-";"-";"-";"-";"-";"-";"-";"-";"-";"-";"-";"-";"-";"-";"-";"-";"-";"-";"...";"...";"...";"...";"...";"...";"...";"...";"...";"...";"...";"...";"...";"...";"...";"...";"...";"...";"...";"...";"...";"...";"...";"...";"...";"...";"...";"...";"...";"...";"...";"...";"...";"...";"...";"...";"...";"...";"...";"...";"...";"...";"...";"...";"...";"...";"...";"...";"...";"...";"...";"...";"...";"...";"...";"...";"...";"...";"...";"...";"...";"...";"...";"..."
"Rondônia";"Indústria";"-";"-";"-";"-";"-";"-";"-";"-";"-";"-";"-";"-";"-";"-";"-";"-";"-";"-";"-";"-";"-";"-";"-";"-";"-";"-";"-";"-";"-";"-";"-";"-";"-";"-";"-";"-";"-";"-";"-";"-";"-";"-";"-";"-";"-";"-";"-";"-";"-";"-";"-";"-";"-";"-";"-";"-";"-";"-";"-";"-";"-";"-";"-";"-";"-";"-";"-";"-";"-";"-";"-";"-";"-";"-";"-";"-";"-";"X";"-";"-";"-";"-";"-";"-";"-";"-";"-";"-";"-";"X";"-";"-";"-";"X";"-";"-";"-";"X";"-";"-";"-";"X";"-";"-";"-";"-";"-";"-";"-";"X";"-";"-";"-";"X";"-";"-";"-";"X";"-";"-"
"Rondônia";"Serviço de armazenagem";"-";"-";"-";"-";"-";"-";"X";"-";"-";"-";"-";"-";"X";"X";"-";"-";"-";"-";"-";"-";"-";"-";"-";"-";"-";"-";"-";"-";"-";"-";"-";"-";"-";"X";"-";"-";"-";"X";"-";"-";"-";"-";"-";"-";"-";"X";"-";"-";"-";"-";"-";"-";"-";"-";"-";"-";"-";"-";"-";"-";"-";"X";"-";"-";"-";"-";"-";"-";"-";"X";"-";"-";"-";"-";"-";"-";"-";"X";"-";"-";"-";"X";"-";"-";"-";"X";"-";"-";"-";"-";"-";"-";"-";"33600";"-";"-";"-";"-";"-";"-";"-";"23701";"-";"-";"-";"X";"-";"-";"-";"13369";"-";"-";"-";"X";"-";"-";"-";"18723";"-";"-"
"Rondônia";"Produção agropecuária";"-";"-";"-";"-";"-";"-";"-";"-";"-";"-";"-";"-";"-";"-";"-";"-";"-";"-";"-";"-";"-";"X";"-";"-";"-";"-";"-";"-";"-";"X";"-";"-";"-";"X";"-";"-";"-";"X";"-";"-";"-";"-";"-";"-";"-";"X";"-";"-";"-";"-";"-";"-";"-";"X";"-";"-";"-";"-";"-";"-";"-";"-";"-";"-";"-";"-";"-";"-";"-";"X";"-";"-";"-";"-";"-";"-";"-";"X";"-";"-";"-";"X";"-";"-";"-";"X";"-";"-";"-";"-";"-";"-";"-";"X";"-";"-";"-";"-";"-";"-";"-";"X";"-";"-";"-";"-";"-";"-";"-";"-";"-";"-";"-";"-";"-";"-";"-";"10835";"-";"-"
"Acre";"Comércio (exceto supermercado)";"-";"-";"-";"-";"-";"-";"-";"-";"-";"-";"-";"-";"-";"-";"-";"-";"-";"-";"-";"-";"-";"-";"-";"-";"-";"-";"-";"-";"-";"-";"-";"-";"-";"-";"-";"-";"-";"-";"-";"-";"-";"-";"-";"-";"-";"-";"-";"-";"-";"-";"-";"-";"-";"-";"-";"-";"-";"-";"-";"-";"-";"-";"-";"-";"-";"-";"-";"-";"-";"-";"-";"-";"-";"-";"-";"-";"-";"-";"-";"-";"-";"-";"-";"-";"-";"-";"-";"-";"-";"-";"-";"-";"-";"-";"-";"-";"-";"-";"-";"-";"-";"-";"-";"-";"-";"-";"-";"-";"-";"-";"-";"-";"-";"-";"-";"-";"-";"-";"-";"-"
"Acre";"Supermercado";"-";"-";"-";"-";"-";"-";"-";"-";"-";"-";"-";"-";"-";"-";"-";"-";"-";"-";"-";"-";"-";"-";"-";"-";"-";"-";"-";"-";"-";"-";"-";"-";"-";"-";"-";"-";"-";"-";"-";"-";"-";"X";"-";"-";"-";"-";"-";"-";"-";"-";"-";"-";"-";"-";"-";"-";"...";"...";"...";"...";"...";"...";"...";"...";"...";"...";"...";"...";"...";"...";"...";"...";"...";"...";"...";"...";"...";"...";"...";"...";"...";"...";"...";"...";"...";"...";"...";"...";"...";"...";"...";"...";"...";"...";"...";"...";"...";"...";"...";"...";"...";"...";"...";"...";"...";"...";"...";"...";"...";"...";"...";"...";"...";"...";"...";"...";"...";"...";"...";"..."
"Acre";"Indústria";"-";"-";"-";"-";"-";"-";"-";"-";"-";"-";"-";"-";"-";"-";"-";"-";"-";"-";"-";"-";"-";"-";"-";"-";"-";"-";"-";"-";"-";"-";"-";"-";"-";"-";"-";"-";"-";"-";"-";"-";"-";"-";"-";"-";"-";"-";"-";"-";"-";"-";"-";"-";"-";"-";"-";"-";"-";"-";"-";"-";"-";"-";"-";"-";"-";"-";"-";"-";"-";"-";"-";"-";"-";"-";"-";"-";"-";"-";"-";"-";"-";"-";"-";"-";"-";"-";"-";"-";"-";"-";"-";"-";"-";"-";"-";"-";"-";"-";"-";"-";"-";"-";"-";"-";"-";"-";"-";"-";"-";"-";"-";"-";"-";"-";"-";"-";"-";"-";"-";"-"
"Acre";"Serviço de armazenagem";"-";"-";"-";"-";"-";"-";"-";"-";"-";"-";"-";"-";"-";"-";"-";"-";"-";"-";"-";"-";"-";"-";"-";"-";"-";"-";"-";"-";"-";"-";"-";"-";"-";"-";"-";"-";"-";"-";"-";"-";"-";"-";"-";"-";"-";"-";"-";"-";"-";"-";"-";"-";"X";"-";"-";"-";"X";"-";"-";"-";"X";"-";"-";"-";"-";"-";"-";"-";"-";"-";"-";"-";"-";"-";"-";"-";"-";"-";"-";"-";"-";"-";"-";"-";"-";"-";"X";"-";"-";"-";"-";"-";"-";"-";"X";"-";"-";"-";"X";"-";"-";"-";"-";"-";"X";"-";"-";"-";"X";"-";"-";"-";"X";"-";"-";"-";"-";"-";"-";"-"
"Acre";"Produção agropecuária";"-";"-";"-";"-";"-";"-";"-";"-";"-";"-";"-";"-";"-";"-";"-";"-";"-";"-";"-";"-";"-";"-";"-";"-";"-";"-";"-";"-";"-";"-";"-";"-";"-";"-";"-";"-";"-";"-";"-";"-";"-";"-";"-";"-";"-";"-";"-";"-";"-";"-";"-";"-";"-";"-";"-";"-";"-";"-";"-";"-";"-";"-";"-";"-";"-";"-";"-";"-";"-";"-";"-";"-";"-";"-";"-";"-";"-";"-";"-";"-";"-";"-";"-";"-";"-";"-";"-";"-";"-";"-";"-";"-";"-";"-";"-";"-";"-";"-";"-";"-";"-";"-";"-";"-";"-";"-";"-";"-";"-";"-";"-";"-";"-";"-";"-";"-";"-";"-";"-";"-"
"Amazonas";"Comércio (exceto supermercado)";"-";"-";"-";"-";"-";"X";"-";"-";"-";"-";"-";"-";"-";"-";"-";"-";"-";"-";"-";"-";"-";"-";"-";"-";"-";"-";"-";"-";"-";"X";"-";"-";"-";"-";"-";"-";"-";"-";"-";"-";"-";"-";"-";"-";"-";"X";"-";"-";"-";"-";"-";"-";"-";"-";"-";"-";"-";"-";"-";"-";"-";"-";"-";"-";"-";"-";"-";"-";"-";"-";"-";"-";"-";"-";"-";"-";"-";"-";"-";"-";"-";"-";"-";"-";"-";"-";"-";"-";"-";"-";"-";"-";"-";"-";"-";"-";"-";"-";"-";"-";"-";"-";"-";"-";"-";"-";"-";"-";"-";"-";"-";"-";"-";"-";"-";"-";"-";"-";"-";"-"
"Amazonas";"Supermercado";"-";"-";"-";"-";"-";"-";"-";"-";"-";"-";"-";"-";"-";"-";"-";"-";"-";"-";"-";"-";"-";"-";"-";"-";"-";"-";"-";"-";"-";"-";"-";"-";"-";"-";"-";"-";"-";"-";"-";"-";"-";"-";"-";"-";"-";"-";"-";"-";"-";"-";"-";"-";"-";"-";"-";"-";"...";"...";"...";"...";"...";"...";"...";"...";"...";"...";"...";"...";"...";"...";"...";"...";"...";"...";"...";"...";"...";"...";"...";"...";"...";"...";"...";"...";"...";"...";"...";"...";"...";"...";"...";"...";"...";"...";"...";"...";"...";"...";"...";"...";"...";"...";"...";"...";"...";"...";"...";"...";"...";"...";"...";"...";"...";"...";"...";"...";"...";"...";"...";"..."
"Amazonas";"Indústria";"-";"-";"-";"-";"-";"-";"-";"-";"-";"-";"-";"-";"-";"-";"-";"-";"-";"-";"-";"-";"-";"-";"-";"-";"-";"-";"-";"-";"-";"-";"-";"-";"-";"-";"-";"-";"-";"-";"-";"-";"-";"-";"-";"-";"-";"-";"-";"-";"-";"-";"-";"-";"-";"-";"-";"-";"-";"-";"-";"-";"-";"-";"-";"-";"-";"-";"-";"-";"-";"-";"-";"-";"-";"-";"-";"-";"-";"-";"-";"-";"-";"-";"-";"-";"-";"-";"-";"-";"-";"-";"-";"-";"-";"-";"-";"-";"-";"-";"-";"-";"-";"-";"-";"-";"-";"-";"-";"-";"-";"-";"-";"-";"-";"-";"-";"-";"-";"-";"-";"-"
"Amazonas";"Serviço de armazenagem";"-";"-";"-";"-";"-";"-";"-";"-";"-";"-";"-";"-";"-";"-";"-";"-";"-";"-";"-";"-";"-";"-";"-";"-";"-";"X";"-";"-";"-";"X";"-";"-";"-";"X";"-";"-";"-";"X";"-";"-";"-";"X";"-";"-";"-";"X";"-";"-";"-";"-";"-";"-";"-";"-";"-";"-";"-";"X";"-";"-";"-";"X";"-";"-";"-";"X";"-";"-";"-";"X";"-";"-";"-";"X";"-";"-";"-";"X";"-";"-";"-";"X";"-";"-";"-";"X";"-";"-";"-";"X";"-";"-";"-";"X";"X";"-";"-";"-";"-";"-";"-";"X";"-";"-";"-";"X";"-";"-";"-";"X";"-";"-";"-";"X";"-";"-";"-";"X";"-";"-"
"Amazonas";"Produção agropecuária";"-";"-";"-";"-";"-";"-";"-";"-";"-";"-";"-";"-";"-";"-";"-";"-";"-";"-";"-";"-";"-";"X";"-";"-";"-";"X";"-";"-";"-";"-";"-";"-";"-";"-";"-";"-";"-";"-";"-";"-";"-";"-";"-";"-";"-";"-";"-";"-";"-";"-";"-";"-";"-";"-";"-";"-";"-";"X";"-";"-";"-";"X";"-";"-";"-";"-";"-";"-";"-";"-";"-";"-";"-";"-";"-";"-";"-";"-";"-";"-";"-";"-";"-";"-";"-";"-";"-";"-";"-";"-";"-";"-";"-";"-";"-";"-";"-";"-";"-";"-";"-";"-";"-";"-";"-";"-";"-";"-";"-";"-";"-";"-";"-";"-";"-";"-";"-";"-";"-";"-"
"Roraima";"Comércio (exceto supermercado)";"-";"-";"-";"-";"-";"-";"-";"-";"-";"-";"-";"-";"-";"-";"-";"-";"-";"-";"-";"-";"-";"-";"-";"-";"-";"-";"-";"-";"-";"-";"-";"-";"-";"-";"-";"-";"-";"-";"-";"-";"-";"-";"-";"-";"-";"-";"-";"-";"-";"-";"-";"-";"-";"-";"-";"-";"-";"-";"-";"-";"-";"-";"-";"-";"-";"-";"-";"-";"-";"-";"-";"-";"-";"-";"-";"-";"-";"-";"-";"-";"-";"-";"-";"-";"-";"-";"-";"-";"-";"-";"-";"-";"-";"-";"-";"-";"-";"-";"-";"-";"-";"-";"-";"-";"-";"-";"-";"-";"-";"-";"-";"-";"-";"X";"-";"-";"-";"X";"-";"-"
"Roraima";"Supermercado";"-";"-";"-";"-";"-";"-";"-";"-";"-";"-";"-";"-";"-";"-";"-";"-";"-";"-";"-";"-";"-";"-";"-";"-";"-";"-";"-";"-";"-";"-";"-";"-";"-";"-";"-";"-";"-";"-";"-";"-";"-";"-";"-";"-";"-";"-";"-";"-";"-";"-";"-";"-";"-";"-";"-";"-";"...";"...";"...";"...";"...";"...";"...";"...";"...";"...";"...";"...";"...";"...";"...";"...";"...";"...";"...";"...";"...";"...";"...";"...";"...";"...";"...";"...";"...";"...";"...";"...";"...";"...";"...";"...";"...";"...";"...";"...";"...";"...";"...";"...";"...";"...";"...";"...";"...";"...";"...";"...";"...";"...";"...";"...";"...";"...";"...";"...";"...";"...";"...";"..."
"Roraima";"Indústria";"-";"-";"-";"-";"-";"-";"-";"-";"-";"-";"-";"-";"-";"-";"-";"-";"-";"-";"-";"-";"-";"-";"-";"-";"-";"-";"-";"-";"-";"-";"-";"-";"-";"X";"-";"-";"-";"-";"-";"-";"-";"-";"-";"-";"-";"-";"-";"-";"-";"-";"-";"-";"-";"-";"-";"-";"-";"-";"-";"-";"-";"-";"-";"-";"-";"-";"-";"-";"-";"-";"-";"-";"-";"-";"-";"-";"-";"-";"-";"-";"-";"X";"-";"-";"-";"-";"-";"-";"-";"-";"-";"-";"-";"-";"-";"-";"-";"-";"-";"-";"-";"-";"-";"-";"-";"-";"-";"-";"-";"-";"-";"-";"-";"-";"-";"-";"-";"X";"-";"-"
"Roraima";"Serviço de armazenagem";"-";"-";"X";"-";"-";"-";"X";"-";"-";"-";"X";"-";"-";"-";"X";"-";"-";"-";"X";"-";"-";"-";"-";"-";"-";"-";"-";"-";"-";"-";"-";"-";"-";"-";"X";"-";"-";"-";"-";"-";"-";"-";"-";"-";"-";"-";"-";"-";"-";"-";"X";"-";"-";"-";"X";"-";"-";"-";"X";"-";"-";"-";"X";"-";"-";"-";"X";"-";"-";"-";"X";"-";"-";"-";"X";"-";"-";"-";"-";"-";"-";"-";"X";"-";"-";"-";"X";"-";"-";"-";"X";"-";"-";"-";"X";"-";"-";"-";"X";"-";"-";"-";"X";"-";"-";"-";"X";"-";"-";"-";"X";"-";"-";"-";"X";"-";"-";"-";"X";"-"
"Roraima";"Produção agropecuária";"-";"-";"-";"-";"-";"-";"-";"-";"-";"-";"-";"-";"-";"-";"-";"-";"-";"-";"-";"-";"-";"-";"-";"-";"-";"-";"-";"-";"-";"-";"-";"-";"-";"-";"-";"-";"-";"-";"-";"-";"-";"-";"-";"-";"-";"-";"-";"-";"-";"-";"-";"-";"-";"-";"-";"-";"-";"-";"-";"-";"-";"-";"-";"-";"-";"-";"-";"-";"-";"-";"-";"-";"-";"-";"-";"-";"-";"-";"-";"-";"-";"-";"-";"-";"-";"-";"-";"-";"-";"-";"-";"-";"-";"X";"-";"-";"-";"X";"-";"-";"-";"X";"-";"-";"-";"X";"-";"-";"-";"X";"-";"-";"-";"X";"-";"-";"-";"X";"-";"-"
"Pará";"Comércio (exceto supermercado)";"-";"-";"-";"-";"-";"X";"-";"-";"-";"X";"-";"-";"-";"X";"-";"-";"-";"-";"-";"-";"-";"X";"-";"-";"-";"-";"-";"-";"-";"X";"-";"-";"-";"X";"-";"-";"-";"X";"-";"-";"-";"-";"-";"-";"-";"X";"-";"-";"-";"-";"-";"-";"-";"X";"-";"-";"-";"X";"-";"-";"-";"X";"-";"-";"-";"X";"-";"-";"-";"X";"-";"-";"-";"X";"-";"-";"-";"X";"-";"-";"-";"X";"-";"-";"-";"X";"-";"-";"-";"X";"-";"-";"-";"X";"-";"-";"-";"X";"-";"-";"-";"X";"-";"-";"-";"-";"-";"-";"-";"60712";"-";"-";"-";"X";"-";"-";"-";"13204";"-";"-"
"Pará";"Supermercado";"-";"X";"-";"-";"-";"-";"-";"-";"-";"-";"-";"-";"-";"-";"-";"-";"-";"-";"-";"-";"-";"-";"-";"-";"-";"-";"-";"-";"-";"-";"-";"-";"-";"-";"-";"-";"-";"-";"-";"-";"-";"-";"-";"-";"-";"-";"-";"-";"-";"-";"-";"-";"-";"-";"-";"-";"...";"...";"...";"...";"...";"...";"...";"...";"...";"...";"...";"...";"...";"...";"...";"...";"...";"...";"...";"...";"...";"...";"...";"...";"...";"...";"...";"...";"...";"...";"...";"...";"...";"...";"...";"...";"...";"...";"...";"...";"...";"...";"...";"...";"...";"...";"...";"...";"...";"...";"...";"...";"...";"...";"...";"...";"...";"...";"...";"...";"...";"...";"...";"..."
"Pará";"Indústria";"-";"X";"-";"-";"-";"X";"-";"-";"-";"X";"-";"-";"-";"X";"-";"-";"-";"X";"-";"-";"-";"X";"-";"-";"-";"X";"-";"-";"-";"X";"-";"-";"-";"X";"-";"-";"-";"X";"-";"-";"-";"X";"-";"-";"-";"3036";"-";"-";"-";"X";"-";"-";"-";"4588";"-";"-";"-";"X";"-";"-";"-";"X";"-";"-";"-";"X";"-";"-";"-";"X";"-";"-";"-";"X";"-";"-";"-";"X";"-";"-";"-";"X";"-";"-";"-";"X";"-";"-";"-";"X";"-";"-";"-";"X";"-";"-";"-";"X";"-";"-";"-";"X";"-";"-";"-";"X";"-";"-";"-";"37029";"-";"-";"-";"X";"-";"-";"-";"33503";"-";"-"
"Pará";"Serviço de armazenagem";"-";"873";"X";"-";"-";"5800";"-";"-";"-";"1559";"-";"-";"-";"7749";"-";"-";"-";"X";"-";"-";"-";"X";"X";"-";"-";"X";"-";"-";"-";"X";"-";"-";"-";"X";"-";"-";"-";"X";"-";"-";"-";"X";"-";"-";"-";"X";"-";"-";"-";"X";"-";"-";"-";"5073";"-";"-";"-";"-";"-";"-";"-";"X";"-";"-";"-";"-";"-";"-";"-";"X";"-";"-";"-";"-";"-";"-";"-";"16790";"-";"-";"-";"X";"-";"-";"-";"29548";"X";"-";"-";"X";"-";"-";"-";"41203";"-";"-";"-";"-";"-";"-";"-";"10331";"-";"-";"-";"X";"-";"-";"-";"63408";"-";"-";"-";"X";"-";"-";"-";"57994";"-";"-"
"Pará";"Produção agropecuária";"-";"1059";"-";"-";"-";"23932";"-";"-";"-";"860";"-";"-";"-";"13230";"-";"-";"-";"X";"-";"-";"-";"10692";"-";"-";"-";"891";"-";"-";"-";"16726";"-";"-";"-";"5595";"-";"-";"-";"52928";"-";"-";"-";"X";"-";"-";"-";"91333";"-";"-";"-";"1894";"-";"-";"-";"151788";"-";"-";"-";"2115";"-";"-";"-";"85316";"-";"-";"-";"X";"-";"-";"-";"107641";"X";"-";"-";"7504";"-";"-";"-";"143675";"-";"-";"-";"15199";"-";"-";"-";"179281";"-";"-";"-";"912";"-";"-";"-";"151531";"-";"-";"-";"24038";"-";"-";"-";"170619";"-";"-";"-";"X";"-";"-";"-";"70848";"X";"-";"-";"2184";"-";"-";"-";"126652";"-";"-"
"Amapá";"Comércio (exceto supermercado)";"-";"-";"-";"-";"-";"-";"-";"-";"-";"-";"-";"-";"-";"-";"-";"-";"-";"-";"-";"-";"-";"-";"-";"-";"-";"-";"-";"-";"-";"X";"-";"-";"-";"-";"-";"-";"-";"-";"-";"-";"-";"-";"-";"-";"-";"-";"-";"-";"-";"-";"-";"-";"-";"-";"-";"-";"-";"-";"-";"-";"-";"-";"-";"-";"-";"-";"-";"-";"-";"-";"-";"-";"-";"-";"-";"-";"-";"-";"-";"-";"-";"-";"-";"-";"-";"-";"-";"-";"-";"-";"-";"-";"-";"-";"-";"-";"-";"-";"-";"-";"-";"-";"-";"-";"-";"-";"-";"-";"-";"-";"-";"-";"-";"-";"-";"-";"-";"-";"-";"-"
"Amapá";"Supermercado";"-";"-";"-";"-";"-";"-";"-";"-";"-";"-";"-";"-";"-";"-";"-";"-";"-";"-";"-";"-";"-";"-";"-";"-";"-";"-";"-";"-";"-";"X";"-";"-";"-";"-";"-";"-";"-";"-";"-";"-";"-";"-";"-";"-";"-";"-";"-";"-";"-";"X";"-";"-";"-";"-";"-";"-";"...";"...";"...";"...";"...";"...";"...";"...";"...";"...";"...";"...";"...";"...";"...";"...";"...";"...";"...";"...";"...";"...";"...";"...";"...";"...";"...";"...";"...";"...";"...";"...";"...";"...";"...";"...";"...";"...";"...";"...";"...";"...";"...";"...";"...";"...";"...";"...";"...";"...";"...";"...";"...";"...";"...";"...";"...";"...";"...";"...";"...";"...";"...";"..."
"Amapá";"Indústria";"-";"-";"-";"-";"-";"-";"-";"-";"-";"-";"-";"-";"-";"-";"-";"-";"-";"-";"-";"-";"-";"-";"-";"-";"-";"-";"-";"-";"-";"-";"-";"-";"-";"-";"-";"-";"-";"-";"-";"-";"-";"-";"-";"-";"-";"-";"-";"-";"-";"-";"-";"-";"-";"-";"-";"-";"-";"-";"-";"-";"-";"-";"-";"-";"-";"-";"-";"-";"-";"-";"-";"-";"-";"-";"-";"-";"-";"-";"-";"-";"-";"-";"-";"-";"-";"-";"-";"-";"-";"-";"-";"-";"-";"-";"-";"-";"-";"-";"-";"-";"-";"-";"-";"-";"-";"-";"-";"-";"-";"-";"-";"-";"-";"-";"-";"-";"-";"-";"-";"-"
"Amapá";"Serviço de armazenagem";"-";"-";"-";"-";"-";"-";"-";"-";"-";"-";"-";"-";"-";"-";"-";"-";"-";"-";"-";"-";"-";"-";"-";"-";"-";"-";"-";"-";"-";"-";"-";"-";"-";"-";"-";"-";"-";"-";"-";"-";"-";"-";"-";"-";"-";"-";"-";"-";"-";"-";"-";"-";"-";"-";"-";"-";"-";"-";"-";"-";"-";"-";"-";"-";"-";"X";"-";"-";"-";"-";"-";"-";"-";"-";"-";"-";"-";"-";"-";"-";"-";"X";"-";"-";"-";"-";"-";"-";"-";"X";"-";"-";"-";"-";"-";"-";"-";"X";"-";"-";"-";"X";"-";"-";"-";"-";"-";"-";"-";"-";"-";"-";"-";"-";"-";"-";"-";"-";"-";"-"
"Amapá";"Produção agropecuária";"-";"-";"-";"-";"-";"-";"-";"-";"-";"-";"-";"-";"-";"-";"-";"-";"-";"-";"-";"-";"-";"-";"-";"-";"-";"-";"-";"-";"-";"-";"-";"-";"-";"-";"-";"-";"-";"-";"-";"-";"-";"-";"-";"-";"-";"-";"-";"-";"-";"-";"-";"-";"-";"-";"-";"-";"-";"-";"-";"-";"-";"-";"-";"-";"-";"-";"-";"-";"-";"-";"-";"-";"-";"-";"-";"-";"-";"-";"-";"-";"-";"-";"-";"-";"-";"-";"-";"-";"-";"-";"-";"-";"-";"-";"-";"-";"-";"-";"-";"-";"-";"-";"-";"-";"-";"-";"-";"-";"-";"-";"-";"-";"-";"-";"-";"-";"-";"-";"-";"-"
"Tocantins";"Comércio (exceto supermercado)";"-";"-";"-";"-";"-";"84590";"-";"-";"-";"-";"-";"-";"-";"20247";"-";"-";"-";"-";"-";"-";"-";"6028";"-";"-";"-";"X";"-";"-";"-";"X";"-";"-";"-";"-";"-";"-";"-";"106753";"-";"-";"-";"-";"-";"-";"-";"79993";"-";"-";"-";"-";"-";"-";"-";"87151";"-";"-";"-";"X";"-";"-";"-";"31061";"-";"-";"-";"-";"-";"-";"-";"X";"-";"-";"-";"-";"-";"-";"-";"-";"-";"-";"-";"-";"-";"-";"-";"83399";"-";"-";"-";"X";"-";"-";"-";"61044";"-";"-";"-";"-";"-";"-";"-";"X";"-";"-";"-";"-";"-";"-";"-";"50550";"-";"-";"-";"-";"-";"-";"-";"62446";"-";"-"
"Tocantins";"Supermercado";"-";"-";"-";"-";"-";"-";"-";"-";"-";"-";"-";"-";"-";"-";"-";"-";"-";"-";"-";"-";"-";"-";"-";"-";"-";"-";"-";"-";"-";"-";"-";"-";"-";"-";"-";"-";"-";"-";"-";"-";"-";"-";"-";"-";"-";"-";"-";"-";"-";"-";"-";"-";"-";"-";"-";"-";"...";"...";"...";"...";"...";"...";"...";"...";"...";"...";"...";"...";"...";"...";"...";"...";"...";"...";"...";"...";"...";"...";"...";"...";"...";"...";"...";"...";"...";"...";"...";"...";"...";"...";"...";"...";"...";"...";"...";"...";"...";"...";"...";"...";"...";"...";"...";"...";"...";"...";"...";"...";"...";"...";"...";"...";"...";"...";"...";"...";"...";"...";"...";"..."
"Tocantins";"Indústria";"-";"X";"-";"-";"-";"461";"-";"-";"-";"X";"-";"-";"-";"X";"-";"-";"-";"X";"-";"-";"-";"4073";"-";"-";"-";"X";"-";"-";"-";"29682";"-";"-";"-";"-";"-";"-";"-";"X";"-";"-";"-";"X";"-";"-";"-";"X";"-";"-";"-";"X";"-";"-";"-";"X";"-";"-";"-";"X";"-";"-";"-";"9801";"-";"-";"-";"X";"-";"-";"-";"X";"-";"-";"-";"X";"-";"-";"-";"36189";"-";"-";"-";"X";"-";"-";"-";"27954";"-";"-";"-";"2955";"-";"-";"-";"6248";"-";"-";"-";"1220";"-";"-";"-";"7780";"-";"-";"-";"X";"-";"-";"-";"42833";"-";"-";"-";"X";"-";"-";"-";"154773";"-";"-"
"Tocantins";"Serviço de armazenagem";"-";"-";"-";"-";"-";"79817";"-";"-";"-";"X";"X";"-";"-";"55198";"-";"-";"-";"32053";"-";"-";"-";"45477";"-";"-";"-";"3104";"-";"-";"-";"82551";"X";"-";"-";"X";"-";"-";"-";"159151";"X";"-";"-";"5326";"-";"-";"-";"132807";"X";"X";"-";"318";"X";"-";"X";"209948";"X";"-";"-";"31086";"X";"-";"-";"136055";"X";"-";"-";"7451";"X";"-";"-";"11457";"X";"-";"-";"3219";"X";"-";"-";"106105";"X";"-";"-";"16947";"X";"-";"-";"231428";"X";"-";"-";"26090";"X";"-";"-";"288440";"46789";"-";"-";"5646";"X";"-";"-";"166142";"17562";"-";"-";"30648";"X";"-";"-";"207481";"X";"-";"-";"13511";"X";"-";"-";"318332";"31508";"-"
"Tocantins";"Produção agropecuária";"-";"-";"-";"-";"-";"X";"-";"-";"-";"-";"-";"-";"-";"X";"-";"-";"-";"-";"-";"-";"-";"X";"-";"-";"-";"-";"-";"-";"-";"X";"-";"-";"-";"-";"-";"-";"-";"X";"-";"-";"-";"X";"-";"-";"-";"25378";"-";"-";"-";"X";"-";"-";"-";"6104";"-";"-";"-";"X";"-";"-";"-";"X";"-";"-";"-";"-";"-";"-";"-";"-";"-";"-";"-";"-";"-";"-";"-";"X";"-";"-";"-";"X";"-";"-";"-";"48433";"-";"-";"-";"X";"-";"-";"-";"29338";"-";"-";"-";"X";"-";"-";"-";"6321";"-";"-";"-";"X";"-";"-";"-";"48713";"-";"-";"-";"11153";"-";"-";"-";"49610";"-";"-"
"Maranhão";"Comércio (exceto supermercado)";"-";"2277";"-";"-";"-";"558461";"-";"-";"-";"38632";"-";"-";"-";"193445";"-";"-";"-";"X";"-";"-";"-";"403864";"-";"-";"-";"18025";"-";"-";"-";"499874";"-";"-";"-";"15792";"-";"-";"-";"659680";"-";"-";"-";"43830";"-";"-";"-";"577614";"-";"-";"-";"41095";"-";"-";"-";"519434";"-";"-";"-";"50587";"-";"-";"-";"414218";"-";"-";"-";"27358";"-";"-";"-";"85021";"-";"-";"-";"77936";"-";"-";"-";"298534";"-";"-";"-";"18873";"-";"-";"-";"470309";"-";"-";"-";"17920";"-";"-";"-";"506950";"-";"-";"-";"42918";"-";"-";"-";"509647";"-";"-";"-";"34845";"-";"-";"-";"396157";"-";"-";"-";"33832";"-";"-";"-";"430726";"-";"-"
"Maranhão";"Supermercado";"-";"-";"-";"-";"-";"-";"-";"-";"-";"-";"-";"-";"-";"-";"-";"-";"-";"-";"-";"-";"-";"-";"-";"-";"-";"-";"-";"-";"-";"-";"-";"-";"-";"-";"-";"-";"-";"-";"-";"-";"-";"-";"-";"-";"-";"-";"-";"-";"-";"-";"-";"-";"-";"-";"-";"-";"...";"...";"...";"...";"...";"...";"...";"...";"...";"...";"...";"...";"...";"...";"...";"...";"...";"...";"...";"...";"...";"...";"...";"...";"...";"...";"...";"...";"...";"...";"...";"...";"...";"...";"...";"...";"...";"...";"...";"...";"...";"...";"...";"...";"...";"...";"...";"...";"...";"...";"...";"...";"...";"...";"...";"...";"...";"...";"...";"...";"...";"...";"...";"..."
"Maranhão";"Indústria";"-";"-";"-";"-";"-";"X";"-";"-";"-";"X";"-";"-";"-";"X";"-";"-";"-";"-";"-";"-";"-";"X";"-";"-";"-";"-";"-";"-";"-";"X";"-";"-";"-";"X";"-";"-";"-";"X";"-";"-";"-";"-";"-";"-";"-";"X";"-";"-";"-";"-";"-";"-";"-";"X";"-";"-";"-";"X";"-";"-";"-";"X";"-";"-";"-";"-";"-";"-";"-";"X";"-";"-";"-";"-";"-";"-";"-";"X";"-";"-";"-";"-";"-";"-";"-";"X";"-";"-";"-";"-";"-";"-";"-";"X";"-";"-";"-";"-";"-";"-";"-";"X";"-";"-";"-";"-";"-";"-";"-";"-";"-";"-";"-";"-";"-";"-";"-";"-";"-";"-"
"Maranhão";"Serviço de armazenagem";"-";"-";"-";"-";"X";"102904";"-";"-";"-";"X";"-";"-";"-";"22286";"-";"-";"-";"-";"-";"-";"X";"62875";"-";"-";"-";"X";"-";"-";"X";"144306";"-";"-";"-";"X";"-";"-";"-";"110366";"-";"-";"-";"-";"-";"-";"-";"36498";"-";"-";"-";"X";"-";"-";"-";"175859";"-";"-";"-";"X";"-";"-";"-";"253414";"-";"X";"-";"-";"-";"-";"-";"403799";"-";"X";"X";"-";"-";"-";"-";"233807";"-";"X";"-";"X";"-";"X";"X";"359729";"-";"X";"-";"4115";"-";"-";"-";"392238";"-";"X";"-";"11850";"-";"-";"-";"393304";"-";"X";"-";"2859";"-";"-";"-";"341054";"-";"X";"-";"5440";"-";"-";"-";"310633";"-";"X"
"Maranhão";"Produção agropecuária";"-";"X";"-";"-";"-";"11702";"-";"-";"-";"X";"-";"-";"-";"18960";"-";"-";"-";"X";"-";"-";"-";"11753";"-";"-";"-";"X";"-";"-";"-";"16965";"-";"-";"-";"X";"-";"-";"-";"7230";"-";"-";"-";"-";"-";"-";"-";"15470";"-";"-";"-";"X";"-";"-";"-";"108106";"-";"-";"-";"X";"-";"-";"-";"28682";"-";"-";"-";"X";"-";"-";"-";"52784";"-";"-";"-";"X";"-";"-";"-";"47232";"-";"-";"-";"162";"-";"-";"-";"63192";"-";"-";"-";"365";"-";"-";"-";"60677";"-";"-";"-";"X";"-";"-";"-";"59558";"-";"-";"-";"7680";"-";"-";"-";"35784";"-";"-";"-";"X";"-";"-";"-";"66836";"-";"-"
"Piauí";"Comércio (exceto supermercado)";"-";"X";"-";"-";"-";"X";"X";"-";"-";"X";"X";"-";"-";"X";"X";"-";"-";"X";"X";"-";"-";"X";"-";"-";"-";"X";"X";"-";"-";"X";"X";"-";"-";"X";"X";"-";"-";"X";"X";"-";"-";"X";"X";"-";"-";"X";"X";"-";"-";"X";"X";"-";"-";"X";"X";"-";"-";"X";"-";"-";"-";"X";"-";"-";"-";"X";"-";"-";"-";"X";"-";"-";"-";"X";"-";"-";"-";"X";"-";"-";"-";"X";"-";"-";"-";"X";"-";"-";"-";"X";"-";"-";"-";"X";"-";"-";"-";"X";"-";"-";"-";"X";"-";"-";"-";"X";"-";"-";"-";"X";"-";"-";"-";"X";"-";"-";"-";"X";"-";"-"
"Piauí";"Supermercado";"-";"-";"-";"-";"-";"-";"-";"-";"-";"-";"-";"-";"-";"-";"-";"-";"-";"-";"-";"-";"-";"-";"-";"-";"-";"-";"-";"-";"-";"-";"-";"-";"-";"-";"-";"-";"-";"-";"-";"-";"-";"-";"-";"-";"-";"-";"-";"-";"-";"-";"-";"-";"-";"-";"-";"-";"...";"...";"...";"...";"...";"...";"...";"...";"...";"...";"...";"...";"...";"...";"...";"...";"...";"...";"...";"...";"...";"...";"...";"...";"...";"...";"...";"...";"...";"...";"...";"...";"...";"...";"...";"...";"...";"...";"...";"...";"...";"...";"...";"...";"...";"...";"...";"...";"...";"...";"...";"...";"...";"...";"...";"...";"...";"...";"...";"...";"...";"...";"...";"..."
"Piauí";"Indústria";"-";"X";"-";"-";"-";"121634";"-";"-";"-";"72514";"-";"-";"-";"X";"-";"-";"-";"88952";"-";"-";"-";"29725";"-";"-";"-";"X";"-";"-";"-";"122376";"-";"-";"-";"73778";"-";"-";"-";"177810";"X";"-";"-";"106476";"-";"-";"-";"150936";"-";"-";"-";"X";"-";"-";"-";"178073";"-";"-";"-";"76796";"-";"-";"-";"171168";"X";"-";"-";"68262";"-";"-";"-";"114897";"X";"-";"-";"X";"X";"-";"-";"243782";"X";"-";"-";"117775";"X";"-";"-";"216530";"X";"-";"-";"X";"-";"-";"-";"217532";"X";"-";"-";"X";"X";"-";"-";"241445";"X";"-";"-";"63705";"-";"-";"-";"218352";"-";"-";"-";"88665";"-";"-";"-";"207497";"-";"-"
"Piauí";"Serviço de armazenagem";"-";"-";"-";"-";"-";"81421";"-";"-";"-";"16163";"-";"-";"-";"60480";"-";"-";"-";"X";"-";"-";"-";"16218";"-";"-";"-";"-";"-";"-";"-";"110770";"-";"-";"-";"40008";"-";"-";"-";"117096";"-";"-";"-";"60901";"-";"-";"-";"68643";"-";"-";"-";"11986";"-";"-";"-";"124553";"-";"-";"-";"31645";"-";"-";"-";"154078";"-";"-";"-";"22868";"-";"-";"-";"62916";"-";"-";"-";"X";"-";"-";"-";"203727";"-";"-";"-";"21919";"-";"-";"-";"215190";"-";"-";"-";"56086";"-";"-";"-";"183912";"-";"-";"-";"55946";"-";"-";"-";"192999";"-";"-";"-";"X";"-";"-";"-";"189215";"-";"-";"-";"37502";"-";"-";"-";"171952";"-";"-"
"Piauí";"Produção agropecuária";"-";"6468";"-";"-";"-";"182324";"-";"-";"-";"11471";"-";"-";"-";"134323";"-";"-";"-";"21678";"-";"-";"-";"208831";"-";"-";"-";"30912";"-";"-";"-";"283112";"-";"-";"-";"67564";"-";"-";"-";"170487";"-";"-";"-";"15854";"-";"-";"-";"123902";"-";"-";"-";"17775";"-";"-";"-";"240553";"-";"-";"-";"15411";"-";"-";"-";"191776";"-";"-";"-";"6628";"-";"-";"-";"53557";"-";"-";"-";"15788";"-";"-";"-";"324715";"-";"-";"-";"51905";"-";"-";"-";"569970";"-";"-";"-";"100181";"-";"-";"-";"514135";"-";"-";"-";"48133";"-";"-";"-";"429907";"-";"-";"-";"13441";"-";"-";"-";"572985";"-";"-";"-";"77935";"-";"-";"-";"510152";"-";"-"
"Ceará";"Comércio (exceto supermercado)";"-";"X";"-";"-";"-";"X";"-";"-";"-";"X";"-";"-";"-";"X";"-";"-";"-";"X";"-";"-";"-";"X";"-";"-";"-";"X";"-";"-";"-";"X";"-";"-";"-";"X";"-";"-";"-";"X";"-";"-";"-";"X";"-";"-";"-";"-";"-";"-";"-";"X";"-";"-";"-";"X";"-";"-";"-";"X";"-";"-";"-";"X";"-";"-";"-";"X";"-";"-";"-";"-";"-";"-";"-";"X";"-";"-";"-";"X";"-";"-";"-";"X";"-";"-";"-";"-";"-";"-";"-";"-";"-";"-";"-";"-";"-";"-";"-";"-";"-";"-";"-";"X";"-";"-";"-";"-";"-";"-";"-";"-";"-";"-";"-";"X";"-";"-";"-";"X";"-";"-"
"Ceará";"Supermercado";"-";"-";"-";"-";"-";"-";"-";"-";"-";"-";"-";"-";"-";"-";"-";"-";"-";"X";"-";"-";"-";"-";"-";"-";"-";"X";"-";"-";"-";"X";"-";"-";"-";"X";"-";"-";"-";"X";"-";"-";"-";"-";"-";"-";"-";"-";"-";"-";"-";"-";"-";"-";"-";"-";"-";"-";"...";"...";"...";"...";"...";"...";"...";"...";"...";"...";"...";"...";"...";"...";"...";"...";"...";"...";"...";"...";"...";"...";"...";"...";"...";"...";"...";"...";"...";"...";"...";"...";"...";"...";"...";"...";"...";"...";"...";"...";"...";"...";"...";"...";"...";"...";"...";"...";"...";"...";"...";"...";"...";"...";"...";"...";"...";"...";"...";"...";"...";"...";"...";"..."
"Ceará";"Indústria";"-";"7267";"-";"-";"-";"5139";"-";"-";"-";"8798";"-";"-";"-";"20112";"-";"-";"-";"4610";"-";"-";"-";"15520";"X";"-";"-";"12382";"X";"-";"-";"9837";"-";"-";"-";"7381";"-";"-";"-";"29408";"-";"-";"-";"6778";"-";"-";"-";"14517";"X";"-";"-";"12848";"-";"-";"-";"11703";"-";"-";"-";"10177";"-";"-";"-";"8368";"-";"-";"-";"6491";"-";"-";"-";"12857";"-";"-";"-";"5943";"-";"-";"-";"7547";"-";"-";"-";"8380";"-";"-";"-";"9109";"-";"-";"-";"8448";"-";"-";"-";"6339";"-";"-";"-";"7197";"-";"-";"-";"6188";"-";"-";"-";"6153";"-";"-";"-";"13197";"-";"-";"-";"9447";"-";"-";"-";"9847";"-";"-"
"Ceará";"Serviço de armazenagem";"-";"-";"-";"-";"-";"-";"-";"-";"-";"-";"-";"-";"-";"-";"-";"-";"-";"-";"-";"-";"-";"-";"-";"-";"-";"-";"-";"-";"-";"-";"-";"-";"-";"-";"-";"-";"-";"-";"-";"-";"-";"-";"-";"-";"-";"-";"-";"-";"-";"-";"-";"-";"-";"-";"-";"-";"-";"-";"-";"-";"-";"-";"-";"-";"-";"-";"-";"-";"-";"-";"-";"-";"-";"-";"-";"-";"-";"-";"-";"-";"-";"-";"-";"-";"-";"-";"-";"-";"-";"-";"-";"-";"-";"-";"-";"-";"-";"-";"-";"-";"-";"-";"-";"-";"-";"-";"-";"-";"-";"-";"-";"-";"-";"-";"-";"-";"-";"-";"-";"-"
"Ceará";"Produção agropecuária";"-";"-";"-";"-";"-";"-";"-";"-";"-";"-";"-";"-";"-";"-";"-";"-";"-";"-";"-";"-";"-";"-";"-";"-";"-";"-";"-";"-";"-";"-";"-";"-";"-";"-";"-";"-";"-";"-";"-";"-";"-";"-";"-";"-";"-";"-";"-";"-";"-";"-";"-";"-";"-";"X";"-";"-";"-";"X";"-";"-";"-";"X";"-";"-";"-";"X";"-";"-";"-";"X";"-";"-";"-";"X";"-";"-";"-";"X";"-";"-";"-";"X";"-";"-";"-";"X";"-";"-";"-";"X";"-";"-";"-";"X";"-";"-";"-";"X";"-";"-";"-";"X";"-";"-";"-";"X";"-";"-";"-";"3221";"-";"-";"-";"4809";"-";"-";"-";"5690";"-";"-"
"Rio Grande do Norte";"Comércio (exceto supermercado)";"-";"-";"-";"-";"-";"-";"-";"-";"-";"-";"-";"-";"-";"-";"-";"-";"-";"-";"-";"-";"-";"-";"-";"-";"-";"-";"-";"-";"-";"-";"-";"-";"-";"-";"-";"-";"-";"-";"-";"-";"-";"-";"-";"-";"-";"-";"-";"-";"-";"-";"-";"-";"-";"-";"-";"-";"-";"-";"-";"-";"-";"-";"-";"-";"-";"-";"-";"-";"-";"-";"-";"-";"-";"-";"-";"-";"-";"-";"-";"-";"-";"-";"-";"-";"-";"-";"-";"-";"-";"-";"-";"-";"-";"-";"-";"-";"-";"-";"-";"-";"-";"-";"-";"-";"-";"-";"-";"-";"-";"-";"-";"-";"-";"-";"-";"-";"-";"-";"-";"-"
"Rio Grande do Norte";"Supermercado";"-";"-";"-";"-";"-";"X";"-";"-";"-";"X";"-";"-";"-";"X";"-";"-";"-";"-";"-";"-";"-";"-";"-";"-";"-";"-";"-";"-";"-";"X";"-";"-";"-";"-";"-";"-";"-";"-";"-";"-";"-";"-";"-";"-";"-";"-";"-";"-";"-";"-";"-";"-";"-";"-";"-";"-";"...";"...";"...";"...";"...";"...";"...";"...";"...";"...";"...";"...";"...";"...";"...";"...";"...";"...";"...";"...";"...";"...";"...";"...";"...";"...";"...";"...";"...";"...";"...";"...";"...";"...";"...";"...";"...";"...";"...";"...";"...";"...";"...";"...";"...";"...";"...";"...";"...";"...";"...";"...";"...";"...";"...";"...";"...";"...";"...";"...";"...";"...";"...";"..."
"Rio Grande do Norte";"Indústria";"-";"-";"-";"-";"-";"-";"-";"-";"-";"-";"-";"-";"-";"-";"-";"-";"-";"-";"-";"-";"-";"-";"-";"-";"-";"-";"-";"-";"-";"-";"-";"-";"-";"-";"-";"-";"-";"-";"-";"-";"-";"-";"-";"-";"-";"-";"-";"-";"-";"-";"-";"-";"-";"-";"-";"-";"-";"-";"-";"-";"-";"-";"-";"-";"-";"-";"-";"-";"-";"-";"-";"-";"-";"-";"-";"-";"-";"-";"-";"-";"-";"-";"-";"-";"-";"-";"-";"-";"-";"-";"-";"-";"-";"-";"-";"-";"-";"-";"-";"-";"-";"X";"-";"-";"-";"-";"-";"-";"-";"-";"-";"-";"-";"-";"-";"-";"-";"-";"-";"-"
"Rio Grande do Norte";"Serviço de armazenagem";"-";"-";"-";"-";"-";"-";"-";"-";"-";"-";"-";"-";"-";"-";"-";"-";"-";"-";"-";"-";"-";"-";"-";"-";"-";"-";"-";"-";"-";"-";"-";"-";"-";"-";"-";"-";"-";"-";"-";"-";"-";"-";"-";"-";"-";"-";"-";"-";"-";"-";"-";"-";"-";"-";"-";"-";"-";"-";"-";"-";"-";"-";"-";"-";"-";"-";"-";"-";"-";"-";"-";"-";"-";"-";"-";"-";"-";"-";"-";"-";"-";"-";"-";"-";"-";"-";"-";"-";"-";"-";"-";"-";"-";"-";"-";"-";"-";"-";"-";"-";"-";"-";"-";"-";"-";"-";"-";"-";"-";"-";"-";"-";"-";"-";"-";"-";"-";"-";"-";"-"
"Rio Grande do Norte";"Produção agropecuária";"-";"-";"-";"-";"-";"-";"-";"-";"-";"-";"-";"-";"-";"-";"-";"-";"-";"-";"-";"-";"-";"-";"-";"-";"-";"-";"-";"-";"-";"-";"-";"-";"-";"-";"-";"-";"-";"-";"-";"-";"-";"-";"-";"-";"-";"-";"-";"-";"-";"-";"-";"-";"-";"-";"-";"-";"-";"-";"-";"-";"-";"-";"-";"-";"-";"-";"-";"-";"-";"-";"-";"-";"-";"-";"-";"-";"-";"-";"-";"-";"-";"-";"-";"-";"-";"-";"-";"-";"-";"-";"-";"-";"-";"-";"-";"-";"-";"-";"-";"-";"-";"-";"-";"-";"-";"-";"-";"-";"-";"-";"-";"-";"-";"-";"-";"-";"-";"-";"-";"-"
"Paraíba";"Comércio (exceto supermercado)";"-";"-";"-";"-";"-";"-";"-";"-";"-";"-";"-";"-";"-";"-";"-";"-";"-";"-";"-";"-";"-";"-";"-";"-";"-";"-";"-";"-";"-";"-";"-";"-";"-";"-";"-";"-";"-";"-";"-";"-";"-";"-";"-";"-";"-";"-";"-";"-";"-";"-";"-";"-";"-";"-";"-";"-";"-";"-";"-";"-";"-";"-";"-";"-";"-";"-";"-";"-";"-";"-";"-";"-";"-";"-";"-";"-";"-";"-";"-";"-";"-";"-";"-";"-";"-";"-";"-";"-";"-";"-";"-";"-";"-";"-";"-";"-";"-";"-";"-";"-";"-";"-";"-";"-";"-";"-";"-";"-";"-";"-";"-";"-";"-";"-";"-";"-";"-";"-";"-";"-"
"Paraíba";"Supermercado";"-";"-";"-";"-";"-";"-";"-";"-";"-";"-";"-";"-";"-";"-";"-";"-";"-";"-";"-";"-";"-";"-";"-";"-";"-";"-";"-";"-";"-";"-";"-";"-";"-";"-";"-";"-";"-";"-";"-";"-";"-";"-";"-";"-";"-";"-";"-";"-";"-";"-";"-";"-";"-";"-";"-";"-";"...";"...";"...";"...";"...";"...";"...";"...";"...";"...";"...";"...";"...";"...";"...";"...";"...";"...";"...";"...";"...";"...";"...";"...";"...";"...";"...";"...";"...";"...";"...";"...";"...";"...";"...";"...";"...";"...";"...";"...";"...";"...";"...";"...";"...";"...";"...";"...";"...";"...";"...";"...";"...";"...";"...";"...";"...";"...";"...";"...";"...";"...";"...";"..."
"Paraíba";"Indústria";"-";"-";"-";"-";"-";"-";"-";"-";"-";"-";"-";"-";"-";"-";"-";"-";"-";"-";"-";"-";"-";"-";"-";"-";"-";"-";"-";"-";"-";"-";"-";"-";"-";"-";"-";"-";"-";"-";"-";"-";"-";"-";"-";"-";"-";"-";"-";"-";"-";"-";"-";"-";"-";"-";"-";"-";"-";"-";"-";"-";"-";"-";"-";"-";"-";"-";"-";"-";"-";"X";"-";"-";"-";"X";"-";"-";"-";"-";"-";"-";"-";"-";"-";"-";"-";"-";"-";"-";"-";"X";"-";"-";"-";"-";"-";"-";"-";"-";"-";"-";"-";"X";"-";"-";"-";"X";"-";"-";"-";"-";"-";"-";"-";"-";"-";"-";"-";"-";"-";"-"
"Paraíba";"Serviço de armazenagem";"-";"-";"-";"-";"-";"-";"-";"-";"-";"-";"-";"-";"-";"-";"-";"-";"-";"-";"-";"-";"-";"-";"-";"-";"-";"-";"-";"-";"-";"-";"-";"-";"-";"-";"-";"-";"-";"-";"-";"-";"-";"-";"-";"-";"-";"-";"-";"-";"-";"-";"-";"-";"-";"-";"-";"-";"-";"-";"-";"-";"-";"-";"-";"-";"-";"-";"-";"-";"-";"-";"-";"-";"-";"-";"-";"-";"-";"-";"-";"-";"-";"-";"-";"-";"-";"-";"-";"-";"-";"-";"-";"-";"-";"-";"-";"-";"-";"-";"-";"-";"-";"-";"-";"-";"-";"-";"-";"-";"-";"-";"-";"-";"-";"-";"-";"-";"-";"-";"-";"-"
"Paraíba";"Produção agropecuária";"-";"-";"-";"-";"-";"-";"-";"-";"-";"-";"-";"-";"-";"-";"-";"-";"-";"-";"-";"-";"-";"-";"-";"-";"-";"-";"-";"-";"-";"-";"-";"-";"-";"-";"-";"-";"-";"-";"-";"-";"-";"-";"-";"-";"-";"-";"-";"-";"-";"-";"-";"-";"-";"-";"-";"-";"-";"-";"-";"-";"-";"-";"-";"-";"-";"-";"-";"-";"-";"-";"-";"-";"-";"-";"-";"-";"-";"-";"-";"-";"-";"-";"-";"-";"-";"-";"-";"-";"-";"-";"-";"-";"-";"-";"-";"-";"-";"-";"-";"-";"-";"-";"-";"-";"-";"-";"-";"-";"-";"-";"-";"-";"-";"-";"-";"-";"-";"-";"-";"-"
"Pernambuco";"Comércio (exceto supermercado)";"-";"-";"-";"-";"-";"-";"-";"-";"-";"-";"-";"-";"-";"-";"-";"-";"-";"-";"-";"-";"-";"-";"-";"-";"-";"-";"-";"-";"-";"-";"-";"-";"-";"-";"-";"-";"-";"-";"-";"-";"-";"-";"-";"-";"-";"-";"-";"-";"-";"-";"-";"-";"-";"-";"-";"-";"-";"-";"-";"-";"-";"-";"-";"-";"-";"-";"-";"-";"-";"-";"-";"-";"-";"-";"-";"-";"-";"-";"-";"-";"-";"-";"-";"-";"-";"X";"-";"-";"-";"X";"-";"-";"-";"X";"-";"-";"-";"X";"-";"-";"-";"X";"-";"-";"-";"X";"-";"-";"-";"X";"-";"-";"-";"X";"-";"-";"-";"X";"-";"-"
"Pernambuco";"Supermercado";"-";"-";"-";"-";"-";"-";"-";"-";"-";"-";"-";"-";"-";"-";"-";"-";"-";"-";"-";"-";"-";"-";"-";"-";"-";"-";"-";"-";"-";"-";"-";"-";"-";"X";"-";"-";"-";"-";"-";"-";"-";"-";"-";"-";"-";"-";"-";"-";"-";"X";"-";"-";"-";"-";"-";"-";"...";"...";"...";"...";"...";"...";"...";"...";"...";"...";"...";"...";"...";"...";"...";"...";"...";"...";"...";"...";"...";"...";"...";"...";"...";"...";"...";"...";"...";"...";"...";"...";"...";"...";"...";"...";"...";"...";"...";"...";"...";"...";"...";"...";"...";"...";"...";"...";"...";"...";"...";"...";"...";"...";"...";"...";"...";"...";"...";"...";"...";"...";"...";"..."
"Pernambuco";"Indústria";"-";"1753";"-";"-";"-";"5074";"-";"-";"-";"3375";"-";"-";"-";"1631";"-";"-";"-";"1598";"-";"-";"-";"652";"-";"-";"-";"1232";"-";"-";"-";"898";"-";"-";"-";"1976";"-";"-";"-";"2745";"-";"-";"-";"1341";"-";"-";"-";"1549";"-";"-";"-";"1162";"-";"-";"-";"808";"-";"-";"-";"525";"-";"-";"-";"198";"-";"-";"-";"X";"-";"-";"-";"106";"-";"-";"-";"255";"-";"-";"-";"X";"-";"-";"-";"308";"-";"-";"-";"247";"-";"-";"-";"257";"-";"-";"-";"321";"-";"-";"-";"270";"-";"-";"-";"395";"-";"-";"-";"305";"-";"-";"-";"162";"-";"-";"-";"164";"-";"-";"-";"165";"-";"-"
"Pernambuco";"Serviço de armazenagem";"-";"-";"-";"-";"-";"-";"-";"-";"-";"-";"-";"-";"-";"-";"-";"-";"-";"-";"-";"-";"-";"-";"-";"-";"-";"-";"-";"-";"-";"-";"-";"-";"-";"-";"-";"-";"-";"-";"-";"-";"-";"-";"-";"-";"-";"-";"-";"-";"-";"-";"-";"-";"-";"-";"-";"-";"-";"-";"-";"-";"-";"-";"-";"-";"-";"-";"-";"-";"-";"-";"-";"-";"-";"-";"-";"-";"-";"-";"-";"-";"-";"-";"-";"-";"-";"-";"-";"-";"-";"-";"-";"-";"-";"-";"-";"-";"-";"-";"-";"-";"-";"-";"-";"-";"-";"-";"-";"-";"-";"-";"-";"-";"-";"-";"-";"-";"-";"-";"-";"-"
"Pernambuco";"Produção agropecuária";"-";"X";"-";"-";"-";"725";"-";"-";"-";"1377";"-";"-";"-";"1631";"-";"-";"-";"1331";"-";"-";"-";"644";"-";"-";"-";"3729";"-";"-";"-";"906";"-";"-";"-";"691";"-";"-";"-";"1936";"-";"-";"-";"2243";"-";"-";"-";"3145";"-";"-";"-";"1979";"-";"-";"-";"1738";"-";"-";"-";"2271";"-";"-";"-";"1101";"-";"-";"-";"1110";"-";"-";"-";"1766";"-";"-";"-";"1688";"-";"-";"-";"1462";"-";"-";"-";"1505";"-";"-";"-";"1312";"-";"-";"-";"1973";"-";"-";"-";"2008";"-";"-";"-";"2003";"-";"-";"-";"1030";"-";"-";"-";"X";"-";"-";"-";"X";"-";"-";"-";"1829";"-";"-";"-";"1628";"-";"-"
"Alagoas";"Comércio (exceto supermercado)";"-";"-";"-";"-";"-";"-";"-";"-";"-";"-";"-";"-";"-";"-";"-";"-";"-";"X";"-";"-";"-";"-";"-";"-";"-";"-";"-";"-";"-";"-";"-";"-";"-";"-";"-";"-";"-";"-";"-";"-";"-";"-";"-";"-";"-";"-";"-";"-";"-";"-";"-";"-";"-";"-";"-";"-";"-";"-";"-";"-";"-";"-";"-";"-";"-";"-";"-";"-";"-";"-";"-";"-";"-";"-";"-";"-";"-";"-";"-";"-";"-";"-";"-";"-";"-";"-";"-";"-";"-";"-";"-";"-";"-";"-";"-";"-";"-";"-";"-";"-";"-";"-";"-";"-";"-";"-";"-";"-";"-";"-";"-";"-";"-";"-";"-";"-";"-";"-";"-";"-"
"Alagoas";"Supermercado";"-";"-";"-";"-";"-";"-";"-";"-";"-";"-";"-";"-";"-";"-";"-";"-";"-";"-";"-";"-";"-";"-";"-";"-";"-";"-";"-";"-";"-";"X";"-";"-";"-";"-";"-";"-";"-";"-";"-";"-";"-";"-";"-";"-";"-";"-";"-";"-";"-";"-";"-";"-";"-";"-";"-";"-";"...";"...";"...";"...";"...";"...";"...";"...";"...";"...";"...";"...";"...";"...";"...";"...";"...";"...";"...";"...";"...";"...";"...";"...";"...";"...";"...";"...";"...";"...";"...";"...";"...";"...";"...";"...";"...";"...";"...";"...";"...";"...";"...";"...";"...";"...";"...";"...";"...";"...";"...";"...";"...";"...";"...";"...";"...";"...";"...";"...";"...";"...";"...";"..."
"Alagoas";"Indústria";"-";"-";"-";"-";"-";"-";"-";"-";"-";"-";"-";"-";"-";"-";"-";"-";"-";"-";"-";"-";"-";"-";"-";"-";"-";"-";"-";"-";"-";"-";"-";"-";"-";"-";"-";"-";"-";"-";"-";"-";"-";"-";"-";"-";"-";"-";"-";"-";"-";"-";"-";"-";"-";"-";"-";"-";"-";"-";"-";"-";"-";"-";"-";"-";"-";"-";"-";"-";"-";"-";"-";"-";"-";"-";"-";"-";"-";"-";"-";"-";"-";"-";"-";"-";"-";"-";"-";"-";"-";"-";"-";"-";"-";"-";"-";"-";"-";"-";"-";"-";"-";"-";"-";"-";"-";"-";"-";"-";"-";"-";"-";"-";"-";"X";"-";"-";"-";"-";"-";"-"
"Alagoas";"Serviço de armazenagem";"-";"-";"-";"-";"-";"-";"-";"-";"-";"-";"-";"-";"-";"-";"-";"-";"-";"-";"-";"-";"-";"-";"-";"-";"-";"-";"-";"-";"-";"-";"-";"-";"-";"-";"-";"-";"-";"-";"-";"-";"-";"-";"-";"-";"-";"-";"-";"-";"-";"-";"-";"-";"-";"-";"-";"-";"-";"-";"-";"-";"-";"-";"-";"-";"-";"-";"-";"-";"-";"-";"-";"-";"-";"-";"-";"-";"-";"-";"-";"-";"-";"-";"-";"-";"-";"-";"-";"-";"-";"-";"-";"-";"-";"-";"-";"-";"-";"-";"-";"-";"-";"-";"-";"-";"-";"-";"-";"-";"-";"-";"-";"-";"-";"-";"-";"-";"-";"-";"-";"-"
"Alagoas";"Produção agropecuária";"-";"-";"-";"-";"-";"-";"-";"-";"-";"-";"-";"-";"-";"-";"-";"-";"-";"-";"-";"-";"-";"-";"-";"-";"-";"-";"-";"-";"-";"-";"-";"-";"-";"-";"-";"-";"-";"-";"-";"-";"-";"-";"-";"-";"-";"-";"-";"-";"-";"-";"-";"-";"-";"-";"-";"-";"-";"-";"-";"-";"-";"-";"-";"-";"-";"-";"-";"-";"-";"-";"-";"-";"-";"-";"-";"-";"-";"-";"-";"-";"-";"-";"-";"-";"-";"-";"-";"-";"-";"-";"-";"-";"-";"-";"-";"-";"-";"-";"-";"-";"-";"-";"-";"-";"-";"-";"-";"-";"-";"-";"-";"-";"-";"-";"-";"-";"-";"-";"-";"-"
"Sergipe";"Comércio (exceto supermercado)";"-";"-";"-";"-";"-";"-";"-";"-";"-";"-";"-";"-";"-";"-";"-";"-";"-";"-";"-";"-";"-";"-";"-";"-";"-";"-";"-";"-";"-";"-";"-";"-";"-";"-";"-";"-";"-";"-";"-";"-";"-";"-";"-";"-";"-";"-";"-";"-";"-";"-";"-";"-";"-";"-";"-";"-";"-";"-";"-";"-";"-";"-";"-";"-";"-";"-";"-";"-";"-";"-";"-";"-";"-";"-";"-";"-";"-";"-";"-";"-";"-";"-";"-";"-";"-";"-";"-";"-";"-";"-";"-";"-";"-";"-";"-";"-";"-";"-";"-";"-";"-";"-";"-";"-";"-";"-";"-";"-";"-";"-";"-";"-";"-";"-";"-";"-";"-";"-";"-";"-"
"Sergipe";"Supermercado";"-";"-";"-";"-";"-";"-";"-";"-";"-";"-";"-";"-";"-";"-";"-";"-";"-";"-";"-";"-";"-";"-";"-";"-";"-";"-";"-";"-";"-";"-";"-";"-";"-";"-";"-";"-";"-";"-";"-";"-";"-";"-";"-";"-";"-";"-";"-";"-";"-";"-";"-";"-";"-";"-";"-";"-";"...";"...";"...";"...";"...";"...";"...";"...";"...";"...";"...";"...";"...";"...";"...";"...";"...";"...";"...";"...";"...";"...";"...";"...";"...";"...";"...";"...";"...";"...";"...";"...";"...";"...";"...";"...";"...";"...";"...";"...";"...";"...";"...";"...";"...";"...";"...";"...";"...";"...";"...";"...";"...";"...";"...";"...";"...";"...";"...";"...";"...";"...";"...";"..."
"Sergipe";"Indústria";"-";"-";"-";"-";"-";"-";"-";"-";"-";"-";"-";"-";"-";"-";"-";"-";"-";"-";"-";"-";"-";"-";"-";"-";"-";"-";"-";"-";"-";"-";"-";"-";"-";"-";"-";"-";"-";"-";"-";"-";"-";"-";"-";"-";"-";"-";"-";"-";"-";"-";"-";"-";"-";"-";"-";"-";"-";"-";"-";"-";"-";"-";"-";"-";"-";"-";"-";"-";"-";"-";"-";"-";"-";"-";"-";"-";"-";"-";"-";"-";"-";"-";"-";"-";"-";"-";"-";"-";"-";"-";"-";"-";"-";"-";"-";"-";"-";"-";"-";"-";"-";"-";"-";"-";"-";"-";"-";"-";"-";"-";"-";"-";"-";"-";"-";"-";"-";"-";"-";"-"
"Sergipe";"Serviço de armazenagem";"-";"-";"-";"-";"-";"-";"-";"-";"-";"-";"-";"-";"-";"-";"-";"-";"-";"-";"-";"-";"-";"-";"-";"-";"-";"-";"-";"-";"-";"-";"-";"-";"-";"-";"-";"-";"-";"-";"-";"-";"-";"-";"-";"-";"-";"-";"-";"-";"-";"-";"-";"-";"-";"-";"-";"-";"-";"-";"-";"-";"-";"-";"-";"-";"-";"-";"-";"-";"-";"-";"-";"-";"-";"-";"-";"-";"-";"-";"-";"-";"-";"-";"-";"-";"-";"-";"-";"-";"-";"-";"-";"-";"-";"-";"-";"-";"-";"-";"-";"-";"-";"-";"-";"-";"-";"-";"-";"-";"-";"-";"-";"-";"-";"-";"-";"-";"-";"-";"-";"-"
"Sergipe";"Produção agropecuária";"-";"-";"-";"-";"-";"-";"-";"-";"-";"-";"-";"-";"-";"-";"-";"-";"-";"-";"-";"-";"-";"-";"-";"-";"-";"-";"-";"-";"-";"-";"-";"-";"-";"-";"-";"-";"-";"-";"-";"-";"-";"-";"-";"-";"-";"-";"-";"-";"-";"-";"-";"-";"-";"-";"-";"-";"-";"-";"-";"-";"-";"-";"-";"-";"-";"-";"-";"-";"-";"-";"-";"-";"-";"-";"-";"-";"-";"-";"-";"-";"-";"-";"-";"-";"-";"-";"-";"-";"-";"-";"-";"-";"-";"-";"-";"-";"-";"-";"-";"-";"-";"-";"-";"-";"-";"-";"-";"-";"-";"-";"-";"-";"-";"-";"-";"-";"-";"-";"-";"-"
"Bahia";"Comércio (exceto supermercado)";"-";"0";"-";"-";"-";"X";"-";"-";"-";"X";"-";"-";"-";"-";"-";"-";"-";"X";"-";"-";"-";"-";"-";"-";"-";"X";"-";"-";"-";"X";"-";"-";"-";"X";"-";"-";"-";"X";"-";"-";"-";"X";"-";"-";"-";"X";"-";"-";"-";"X";"-";"-";"-";"X";"-";"-";"-";"-";"-";"-";"-";"-";"-";"-";"-";"-";"-";"-";"-";"X";"-";"-";"-";"-";"-";"-";"-";"284377";"-";"-";"-";"18638";"-";"-";"-";"202751";"-";"-";"-";"X";"-";"-";"-";"46503";"-";"-";"-";"-";"-";"-";"-";"X";"-";"-";"-";"X";"-";"-";"-";"201";"-";"-";"-";"-";"-";"-";"-";"-";"-";"-"
"Bahia";"Supermercado";"-";"X";"-";"-";"-";"X";"-";"-";"-";"X";"-";"-";"-";"X";"-";"-";"-";"X";"-";"-";"-";"X";"-";"-";"-";"-";"-";"-";"-";"-";"-";"-";"-";"0";"-";"-";"-";"X";"-";"-";"-";"5";"-";"-";"-";"X";"-";"-";"-";"0";"-";"-";"-";"X";"-";"-";"...";"...";"...";"...";"...";"...";"...";"...";"...";"...";"...";"...";"...";"...";"...";"...";"...";"...";"...";"...";"...";"...";"...";"...";"...";"...";"...";"...";"...";"...";"...";"...";"...";"...";"...";"...";"...";"...";"...";"...";"...";"...";"...";"...";"...";"...";"...";"...";"...";"...";"...";"...";"...";"...";"...";"...";"...";"...";"...";"...";"...";"...";"...";"..."
"Bahia";"Indústria";"-";"X";"-";"-";"-";"392805";"-";"-";"-";"153478";"-";"-";"-";"375828";"-";"-";"-";"X";"-";"-";"-";"327418";"-";"-";"-";"84039";"-";"-";"-";"371926";"-";"-";"-";"102148";"-";"-";"-";"399797";"-";"-";"-";"X";"-";"-";"-";"226013";"-";"-";"-";"X";"-";"-";"-";"292615";"-";"-";"-";"X";"-";"-";"-";"389405";"-";"-";"-";"X";"-";"-";"-";"457015";"-";"-";"-";"X";"-";"-";"-";"350275";"-";"-";"-";"143609";"-";"-";"-";"404469";"-";"-";"-";"137623";"-";"-";"-";"358398";"-";"-";"-";"132272";"-";"-";"-";"420790";"-";"-";"-";"174376";"-";"-";"-";"405013";"-";"-";"-";"107210";"-";"-";"-";"353303";"-";"-"
"Bahia";"Serviço de armazenagem";"-";"X";"6383";"-";"-";"559085";"40462";"-";"-";"110566";"12946";"-";"-";"541886";"X";"-";"-";"15899";"X";"-";"-";"370052";"51654";"-";"-";"70549";"8346";"-";"-";"687436";"69278";"-";"-";"139468";"16222";"-";"-";"537590";"19823";"-";"-";"12584";"2635";"-";"-";"233553";"16096";"-";"-";"X";"X";"-";"-";"370768";"X";"-";"-";"23847";"X";"-";"-";"513228";"X";"-";"-";"5685";"1672";"-";"-";"364248";"X";"-";"-";"X";"4072";"-";"-";"606911";"X";"-";"-";"48392";"X";"X";"-";"979320";"X";"X";"-";"220180";"X";"X";"-";"664200";"X";"-";"-";"66380";"X";"-";"-";"861683";"X";"X";"-";"103211";"X";"X";"-";"746153";"X";"X";"-";"184828";"X";"-";"-";"998170";"X";"X"
"Bahia";"Produção agropecuária";"-";"6260";"-";"-";"-";"6660";"-";"-";"-";"8665";"-";"-";"-";"15388";"-";"-";"-";"X";"-";"-";"-";"23162";"-";"-";"-";"X";"-";"-";"-";"31479";"-";"-";"-";"X";"-";"-";"-";"X";"-";"-";"-";"-";"-";"-";"-";"38839";"-";"-";"-";"X";"-";"-";"-";"26787";"-";"-";"-";"X";"-";"-";"-";"46687";"-";"-";"-";"3158";"-";"-";"-";"30849";"-";"-";"-";"10114";"-";"-";"-";"188214";"-";"-";"-";"31864";"-";"-";"-";"461039";"-";"-";"-";"41620";"-";"-";"-";"435277";"-";"-";"-";"32827";"-";"-";"-";"489309";"-";"-";"-";"29594";"-";"-";"-";"451249";"-";"-";"-";"70375";"-";"-";"-";"466940";"-";"-"
"Minas Gerais";"Comércio (exceto supermercado)";"-";"X";"X";"-";"-";"X";"X";"-";"-";"X";"X";"-";"-";"X";"X";"-";"-";"2184";"-";"-";"-";"X";"X";"-";"-";"507";"-";"-";"-";"11557";"-";"-";"-";"5577";"-";"-";"-";"26055";"-";"-";"-";"6638";"-";"-";"-";"34210";"X";"-";"-";"X";"X";"-";"-";"X";"X";"-";"-";"X";"-";"-";"-";"4913";"-";"-";"-";"X";"-";"-";"-";"13108";"X";"-";"-";"2905";"-";"-";"-";"17441";"X";"-";"-";"513";"X";"-";"-";"16150";"-";"-";"-";"X";"-";"-";"-";"5210";"X";"-";"-";"X";"-";"-";"-";"X";"-";"-";"-";"X";"-";"-";"-";"7209";"X";"-";"-";"X";"-";"-";"-";"9325";"X";"-"
"Minas Gerais";"Supermercado";"-";"X";"X";"-";"-";"X";"X";"-";"-";"X";"X";"-";"-";"X";"X";"-";"-";"X";"X";"-";"-";"-";"X";"-";"-";"-";"-";"-";"-";"X";"X";"-";"-";"X";"-";"-";"-";"X";"-";"-";"-";"0";"-";"-";"-";"X";"-";"-";"-";"-";"-";"-";"-";"X";"X";"-";"...";"...";"...";"...";"...";"...";"...";"...";"...";"...";"...";"...";"...";"...";"...";"...";"...";"...";"...";"...";"...";"...";"...";"...";"...";"...";"...";"...";"...";"...";"...";"...";"...";"...";"...";"...";"...";"...";"...";"...";"...";"...";"...";"...";"...";"...";"...";"...";"...";"...";"...";"...";"...";"...";"...";"...";"...";"...";"...";"...";"...";"...";"...";"..."
"Minas Gerais";"Indústria";"-";"124951";"-";"-";"-";"273902";"-";"-";"-";"189798";"-";"-";"-";"257883";"-";"-";"-";"112864";"X";"-";"-";"184554";"X";"-";"-";"120660";"-";"-";"-";"203950";"X";"-";"-";"68380";"-";"-";"-";"552765";"-";"-";"-";"152351";"-";"-";"-";"155127";"-";"-";"-";"292801";"-";"-";"-";"121355";"-";"-";"-";"105183";"-";"-";"-";"251763";"X";"-";"-";"56919";"-";"-";"-";"249009";"X";"-";"-";"91663";"X";"-";"-";"282497";"X";"-";"-";"70381";"-";"-";"-";"225568";"X";"-";"-";"71147";"-";"-";"-";"122083";"X";"-";"-";"70407";"-";"-";"-";"398698";"X";"-";"-";"152692";"X";"-";"-";"314096";"X";"-";"-";"118370";"-";"-";"-";"344752";"X";"-"
"Minas Gerais";"Serviço de armazenagem";"46334";"26649";"8307";"X";"165671";"212177";"184205";"X";"14609";"19546";"58002";"-";"54262";"264950";"154034";"-";"1772";"19746";"52349";"-";"103681";"179579";"270231";"-";"X";"35002";"57965";"-";"88418";"217518";"209898";"-";"10241";"36632";"18511";"-";"58092";"169091";"138456";"-";"2155";"39611";"2399";"-";"45808";"204269";"111719";"-";"X";"26840";"9099";"-";"84520";"161458";"140294";"-";"1739";"33644";"11056";"-";"107912";"184316";"131047";"-";"67";"46214";"6625";"-";"15517";"102248";"141345";"-";"7671";"30336";"21459";"-";"33495";"242996";"188676";"-";"309";"40530";"27465";"-";"54612";"289592";"176977";"-";"1751";"14579";"9527";"-";"54280";"248263";"235259";"-";"-";"294002";"88509";"-";"4210";"386233";"179213";"-";"-";"188209";"10279";"-";"1474";"484911";"146233";"-";"X";"51088";"56433";"-";"2801";"578017";"287761";"-"
"Minas Gerais";"Produção agropecuária";"-";"1182";"-";"-";"-";"7106";"-";"-";"-";"2395";"-";"-";"-";"5729";"X";"-";"-";"199";"-";"-";"-";"9303";"-";"-";"-";"X";"-";"-";"-";"10338";"-";"-";"-";"4058";"-";"-";"-";"6586";"-";"-";"-";"9164";"-";"-";"-";"12181";"-";"-";"-";"948";"-";"-";"-";"10690";"-";"-";"-";"11277";"-";"-";"-";"14881";"-";"-";"-";"2993";"-";"-";"-";"34852";"-";"-";"-";"22874";"-";"-";"-";"25729";"-";"-";"-";"10706";"-";"-";"-";"46469";"-";"-";"-";"9213";"-";"-";"-";"51688";"-";"-";"-";"3566";"-";"-";"-";"27852";"-";"-";"-";"783";"-";"-";"-";"45975";"-";"-";"-";"3902";"-";"-";"-";"45815";"-";"-"
"Espírito Santo";"Comércio (exceto supermercado)";"-";"X";"-";"-";"-";"X";"-";"-";"-";"-";"-";"-";"-";"X";"-";"-";"-";"X";"-";"-";"-";"X";"-";"-";"-";"X";"-";"-";"-";"X";"-";"-";"-";"X";"-";"-";"-";"X";"-";"-";"-";"X";"-";"-";"-";"X";"-";"-";"-";"X";"-";"-";"-";"X";"-";"-";"-";"X";"-";"-";"-";"X";"-";"-";"-";"-";"-";"-";"-";"-";"-";"-";"-";"X";"-";"-";"-";"X";"-";"-";"-";"X";"-";"-";"-";"X";"-";"-";"-";"X";"-";"-";"-";"X";"-";"-";"-";"X";"-";"-";"-";"X";"-";"-";"-";"X";"-";"-";"-";"X";"-";"-";"-";"X";"-";"-";"-";"X";"-";"-"
"Espírito Santo";"Supermercado";"-";"-";"-";"-";"-";"-";"-";"-";"-";"-";"-";"-";"-";"-";"-";"-";"-";"-";"-";"-";"-";"-";"-";"-";"-";"-";"-";"-";"-";"-";"-";"-";"-";"-";"-";"-";"-";"-";"-";"-";"-";"-";"-";"-";"-";"-";"-";"-";"-";"-";"-";"-";"-";"-";"-";"-";"...";"...";"...";"...";"...";"...";"...";"...";"...";"...";"...";"...";"...";"...";"...";"...";"...";"...";"...";"...";"...";"...";"...";"...";"...";"...";"...";"...";"...";"...";"...";"...";"...";"...";"...";"...";"...";"...";"...";"...";"...";"...";"...";"...";"...";"...";"...";"...";"...";"...";"...";"...";"...";"...";"...";"...";"...";"...";"...";"...";"...";"...";"...";"..."
"Espírito Santo";"Indústria";"-";"-";"-";"-";"-";"X";"-";"-";"-";"X";"-";"-";"-";"-";"-";"-";"-";"-";"-";"-";"-";"-";"-";"-";"-";"-";"-";"-";"-";"-";"-";"-";"-";"-";"-";"-";"-";"-";"-";"-";"-";"-";"-";"-";"-";"-";"-";"-";"-";"-";"-";"-";"-";"-";"-";"-";"-";"-";"-";"-";"-";"-";"-";"-";"-";"-";"-";"-";"-";"-";"-";"-";"-";"-";"-";"-";"-";"-";"-";"-";"-";"-";"-";"-";"-";"-";"-";"-";"-";"-";"-";"-";"-";"-";"-";"-";"-";"-";"-";"-";"-";"-";"-";"-";"-";"-";"-";"-";"-";"-";"-";"-";"-";"-";"-";"-";"-";"-";"-";"-"
"Espírito Santo";"Serviço de armazenagem";"-";"13406";"-";"-";"-";"164252";"-";"-";"-";"93295";"-";"-";"-";"220058";"-";"-";"-";"-";"-";"-";"-";"231225";"-";"-";"-";"1831";"-";"-";"-";"200081";"-";"-";"-";"146194";"-";"-";"-";"220455";"-";"-";"-";"X";"-";"-";"-";"200";"-";"-";"-";"40582";"-";"-";"-";"265503";"-";"-";"-";"16495";"-";"-";"-";"196057";"-";"-";"-";"-";"-";"-";"-";"263";"-";"-";"-";"-";"-";"-";"-";"125258";"-";"-";"-";"119070";"-";"-";"-";"60469";"-";"-";"-";"69";"-";"-";"-";"141892";"-";"-";"-";"X";"-";"-";"-";"293689";"-";"-";"-";"X";"-";"-";"-";"178777";"-";"-";"-";"11325";"-";"-";"-";"89396";"-";"-"
"Espírito Santo";"Produção agropecuária";"-";"-";"-";"-";"-";"-";"-";"-";"-";"-";"-";"-";"-";"-";"-";"-";"-";"X";"-";"-";"-";"X";"-";"-";"-";"-";"-";"-";"-";"-";"-";"-";"-";"-";"-";"-";"-";"-";"-";"-";"-";"-";"-";"-";"-";"-";"-";"-";"-";"-";"-";"-";"-";"-";"-";"-";"-";"X";"-";"-";"-";"X";"-";"-";"-";"X";"-";"-";"-";"X";"-";"-";"-";"X";"-";"-";"-";"X";"-";"-";"-";"X";"-";"-";"-";"X";"-";"-";"-";"-";"-";"-";"-";"X";"-";"-";"-";"X";"-";"-";"-";"X";"-";"-";"-";"X";"-";"-";"-";"-";"-";"-";"-";"-";"-";"-";"-";"-";"-";"-"
"Rio de Janeiro";"Comércio (exceto supermercado)";"-";"X";"-";"-";"-";"X";"-";"-";"-";"-";"-";"-";"-";"X";"-";"-";"-";"X";"-";"-";"-";"X";"-";"-";"-";"X";"-";"-";"-";"-";"-";"-";"-";"-";"-";"-";"-";"-";"-";"-";"-";"-";"-";"-";"-";"-";"-";"-";"-";"-";"-";"-";"-";"-";"-";"-";"-";"-";"-";"-";"-";"-";"-";"-";"-";"-";"-";"-";"-";"-";"-";"-";"-";"-";"-";"-";"-";"-";"-";"-";"-";"-";"-";"-";"-";"-";"-";"-";"-";"-";"-";"-";"-";"-";"-";"-";"-";"-";"-";"-";"-";"-";"-";"-";"-";"-";"-";"-";"-";"-";"-";"-";"-";"-";"-";"-";"-";"-";"-";"-"
"Rio de Janeiro";"Supermercado";"-";"X";"-";"-";"-";"X";"-";"-";"-";"X";"-";"-";"-";"X";"-";"-";"-";"X";"-";"-";"-";"X";"-";"-";"-";"X";"-";"-";"-";"X";"-";"-";"-";"-";"-";"-";"-";"-";"-";"-";"-";"-";"-";"-";"-";"-";"-";"-";"-";"-";"-";"-";"-";"X";"-";"-";"...";"...";"...";"...";"...";"...";"...";"...";"...";"...";"...";"...";"...";"...";"...";"...";"...";"...";"...";"...";"...";"...";"...";"...";"...";"...";"...";"...";"...";"...";"...";"...";"...";"...";"...";"...";"...";"...";"...";"...";"...";"...";"...";"...";"...";"...";"...";"...";"...";"...";"...";"...";"...";"...";"...";"...";"...";"...";"...";"...";"...";"...";"...";"..."
"Rio de Janeiro";"Indústria";"-";"-";"-";"-";"-";"-";"-";"-";"-";"-";"-";"-";"-";"-";"-";"-";"-";"-";"-";"-";"-";"-";"-";"-";"-";"-";"-";"-";"-";"-";"-";"-";"-";"-";"-";"-";"-";"-";"-";"-";"-";"-";"-";"-";"-";"X";"-";"-";"-";"X";"-";"-";"-";"-";"-";"-";"-";"-";"-";"-";"-";"-";"-";"-";"-";"-";"-";"-";"-";"-";"-";"-";"-";"-";"-";"-";"-";"-";"-";"-";"-";"-";"-";"-";"-";"-";"-";"-";"-";"-";"-";"-";"-";"-";"-";"-";"-";"-";"-";"-";"-";"-";"-";"-";"-";"-";"-";"-";"-";"-";"-";"-";"-";"-";"-";"-";"-";"-";"-";"-"
"Rio de Janeiro";"Serviço de armazenagem";"-";"-";"-";"-";"-";"-";"-";"-";"-";"-";"-";"-";"-";"-";"-";"-";"-";"-";"-";"-";"-";"-";"-";"-";"-";"-";"-";"-";"-";"-";"-";"-";"-";"-";"-";"-";"-";"-";"-";"-";"-";"-";"-";"-";"-";"-";"-";"-";"-";"-";"-";"-";"-";"-";"-";"-";"-";"-";"-";"-";"-";"-";"-";"-";"-";"-";"-";"-";"-";"-";"-";"-";"-";"-";"-";"-";"-";"-";"-";"-";"-";"-";"-";"-";"-";"-";"-";"-";"-";"-";"-";"-";"-";"-";"-";"-";"-";"-";"-";"-";"-";"-";"-";"-";"-";"-";"-";"-";"-";"-";"-";"-";"-";"-";"-";"-";"-";"-";"-";"-"
"Rio de Janeiro";"Produção agropecuária";"-";"-";"-";"-";"-";"-";"-";"-";"-";"-";"-";"-";"-";"-";"-";"-";"-";"-";"-";"-";"-";"-";"-";"-";"-";"-";"-";"-";"-";"-";"-";"-";"-";"-";"-";"-";"-";"-";"-";"-";"-";"-";"-";"-";"-";"-";"-";"-";"-";"-";"-";"-";"-";"-";"-";"-";"-";"-";"-";"-";"-";"-";"-";"-";"-";"-";"-";"-";"-";"-";"-";"-";"-";"-";"-";"-";"-";"-";"-";"-";"-";"-";"-";"-";"-";"-";"-";"-";"-";"-";"-";"-";"-";"-";"-";"-";"-";"-";"-";"-";"-";"-";"-";"-";"-";"-";"-";"-";"-";"X";"-";"-";"-";"-";"-";"-";"-";"-";"-";"-"
"São Paulo";"Comércio (exceto supermercado)";"-";"3719";"28895";"-";"-";"11606";"81304";"-";"-";"1010";"16172";"-";"-";"14599";"57081";"-";"-";"1539";"18420";"-";"-";"31718";"69161";"-";"-";"3014";"18503";"-";"-";"59677";"118421";"-";"-";"25413";"54335";"-";"-";"32288";"56505";"-";"-";"1600";"4646";"-";"-";"21256";"159463";"-";"-";"3027";"18143";"-";"-";"54753";"99876";"-";"-";"21775";"14757";"-";"-";"51513";"128279";"-";"-";"5399";"8443";"-";"-";"36323";"109623";"-";"-";"14394";"56784";"-";"-";"69252";"175351";"-";"-";"24172";"76312";"-";"-";"78490";"163413";"-";"-";"8650";"12509";"-";"-";"73838";"171287";"-";"-";"24422";"32281";"-";"-";"70017";"105900";"-";"-";"6579";"11028";"-";"-";"96115";"212441";"-";"-";"26711";"52864";"-";"-";"99118";"251775";"-"
"São Paulo";"Supermercado";"-";"1";"X";"-";"-";"84";"X";"-";"-";"2";"-";"-";"-";"1";"-";"-";"-";"1";"X";"-";"-";"1";"-";"-";"-";"1";"X";"-";"-";"2";"-";"-";"-";"1";"X";"-";"-";"54";"X";"-";"-";"4";"X";"-";"-";"5";"X";"-";"-";"4";"X";"-";"-";"4";"1";"-";"...";"...";"...";"...";"...";"...";"...";"...";"...";"...";"...";"...";"...";"...";"...";"...";"...";"...";"...";"...";"...";"...";"...";"...";"...";"...";"...";"...";"...";"...";"...";"...";"...";"...";"...";"...";"...";"...";"...";"...";"...";"...";"...";"...";"...";"...";"...";"...";"...";"...";"...";"...";"...";"...";"...";"...";"...";"...";"...";"...";"...";"...";"...";"..."
"São Paulo";"Indústria";"-";"31426";"X";"-";"-";"114163";"102516";"-";"-";"20434";"23087";"-";"-";"61038";"-";"-";"-";"18951";"X";"-";"-";"34071";"X";"-";"-";"17000";"-";"-";"-";"67576";"X";"-";"-";"11156";"X";"-";"-";"133874";"-";"-";"-";"15625";"X";"-";"-";"205675";"X";"-";"-";"51540";"-";"-";"-";"84813";"X";"-";"-";"9602";"X";"-";"-";"138737";"6732";"-";"-";"14518";"X";"-";"-";"97854";"6575";"-";"-";"34548";"X";"-";"-";"191047";"13640";"-";"-";"57951";"X";"-";"-";"113044";"15187";"-";"-";"22446";"X";"-";"-";"85568";"21352";"-";"-";"44617";"X";"-";"-";"95792";"22277";"-";"-";"41038";"X";"-";"-";"157271";"31631";"-";"-";"78098";"9409";"-";"-";"191413";"49872";"-"
"São Paulo";"Serviço de armazenagem";"X";"21730";"2507";"-";"1583";"110312";"87800";"-";"1037";"6703";"8638";"-";"1518";"288549";"48713";"-";"569";"32871";"11142";"-";"15139";"148042";"12704";"-";"645";"6524";"988";"-";"30180";"152114";"30362";"-";"613";"17300";"4046";"-";"X";"146292";"6881";"29234";"-";"21047";"621";"X";"-";"299289";"21886";"2888";"X";"11015";"1519";"X";"X";"163730";"10486";"3550";"-";"85238";"1805";"1616";"-";"112558";"10439";"4277";"-";"7050";"2181";"1005";"-";"173202";"22910";"5252";"-";"92730";"7802";"20207";"-";"373208";"95140";"71016";"-";"123942";"24835";"24247";"X";"221677";"54226";"21231";"-";"122362";"7994";"4094";"-";"415008";"83968";"25472";"-";"101162";"12875";"1050";"-";"372175";"73862";"8570";"X";"101275";"2357";"X";"-";"446850";"133768";"66399";"X";"164118";"30383";"8107";"X";"411090";"129663";"62342"
"São Paulo";"Produção agropecuária";"X";"2723";"-";"-";"X";"13021";"-";"-";"X";"2719";"-";"-";"X";"7199";"X";"-";"X";"X";"X";"-";"X";"17955";"X";"-";"X";"5197";"X";"-";"-";"35173";"X";"-";"-";"14612";"X";"-";"X";"10476";"X";"-";"X";"2781";"X";"-";"1703";"28692";"X";"-";"X";"4544";"X";"-";"X";"30528";"X";"-";"X";"10321";"X";"-";"X";"47797";"X";"-";"-";"2923";"X";"-";"-";"33505";"X";"-";"-";"16999";"X";"-";"X";"77077";"X";"-";"-";"18128";"X";"-";"X";"57480";"X";"-";"X";"9106";"X";"-";"X";"75768";"X";"-";"X";"13957";"X";"-";"X";"34789";"X";"-";"X";"4231";"X";"-";"X";"72043";"X";"-";"X";"23639";"X";"-";"X";"85712";"-";"-"
"Paraná";"Comércio (exceto supermercado)";"-";"80907";"332088";"-";"-";"776696";"2068775";"-";"-";"103718";"302975";"-";"-";"434375";"1476655";"-";"-";"53752";"227034";"-";"-";"782133";"2411202";"-";"-";"163555";"361759";"-";"-";"1097196";"3079129";"-";"-";"258883";"473187";"-";"-";"360388";"1667740";"-";"-";"36218";"78797";"-";"-";"858652";"2341439";"-";"-";"83263";"205297";"-";"-";"455286";"2035515";"X";"-";"93810";"287868";"X";"-";"767435";"3323954";"X";"-";"78889";"419968";"X";"-";"737797";"2782230";"-";"-";"129347";"1041468";"-";"-";"1083547";"4669787";"-";"-";"227105";"1241168";"-";"-";"1176956";"5362133";"-";"-";"162818";"518124";"-";"-";"1024188";"4385169";"-";"-";"341669";"492589";"-";"-";"923695";"4650672";"-";"-";"140853";"212575";"-";"-";"1098103";"4292072";"-";"-";"224952";"667630";"-";"-";"415351";"2649665";"-"
"Paraná";"Supermercado";"-";"X";"-";"-";"-";"X";"-";"-";"-";"-";"-";"-";"-";"-";"-";"-";"-";"-";"-";"-";"-";"X";"-";"-";"-";"X";"-";"-";"-";"-";"-";"-";"-";"X";"-";"-";"-";"X";"-";"-";"-";"-";"-";"-";"-";"-";"-";"-";"-";"-";"-";"-";"-";"-";"-";"-";"...";"...";"...";"...";"...";"...";"...";"...";"...";"...";"...";"...";"...";"...";"...";"...";"...";"...";"...";"...";"...";"...";"...";"...";"...";"...";"...";"...";"...";"...";"...";"...";"...";"...";"...";"...";"...";"...";"...";"...";"...";"...";"...";"...";"...";"...";"...";"...";"...";"...";"...";"...";"...";"...";"...";"...";"...";"...";"...";"...";"...";"...";"...";"..."
"Paraná";"Indústria";"-";"189629";"50331";"-";"-";"888627";"142036";"-";"-";"101233";"27313";"-";"-";"550112";"113641";"-";"-";"55362";"21112";"-";"-";"498424";"139289";"-";"-";"185540";"35829";"-";"-";"692273";"126269";"-";"-";"301022";"62912";"-";"-";"911578";"172564";"-";"-";"103815";"62396";"-";"-";"520982";"139526";"-";"-";"113342";"34495";"-";"-";"296230";"156288";"-";"-";"120510";"24929";"-";"-";"453506";"188183";"-";"-";"80988";"42006";"-";"-";"529925";"135079";"-";"-";"109128";"81342";"-";"-";"758749";"173525";"-";"-";"174103";"151314";"-";"-";"841640";"189593";"-";"-";"253336";"142939";"-";"-";"337466";"209906";"-";"-";"130654";"38107";"-";"-";"876947";"178884";"-";"-";"116943";"68838";"-";"-";"829300";"231284";"-";"-";"154387";"183690";"-";"-";"684389";"378413";"-"
"Paraná";"Serviço de armazenagem";"24043";"69921";"87846";"X";"62032";"230517";"132537";"13171";"X";"26743";"38855";"X";"45370";"223279";"115319";"14767";"6950";"43965";"41477";"X";"96026";"276080";"217683";"12215";"7266";"204022";"29503";"X";"85563";"589359";"258866";"23090";"10291";"210066";"51442";"5238";"67905";"348298";"176587";"19352";"X";"10419";"4816";"X";"103342";"590296";"265315";"59733";"36871";"45029";"26558";"7176";"43743";"588970";"166144";"40003";"14529";"130869";"39216";"X";"83456";"612642";"300398";"38248";"X";"80211";"53372";"21544";"X";"553273";"217277";"-";"X";"174027";"99326";"-";"134178";"778249";"500924";"X";"73061";"307441";"250413";"-";"114162";"570841";"708585";"-";"X";"139584";"206880";"-";"131580";"646135";"531171";"-";"28605";"221724";"112169";"-";"X";"682246";"634283";"-";"X";"37555";"84685";"-";"X";"854429";"608181";"-";"X";"128276";"206295";"-";"X";"532191";"591699";"-"
"Paraná";"Produção agropecuária";"-";"5881";"-";"-";"-";"84790";"-";"-";"-";"9264";"-";"-";"-";"35920";"-";"-";"-";"13312";"-";"-";"X";"62302";"X";"-";"-";"31058";"-";"-";"-";"213527";"X";"-";"-";"33653";"-";"-";"X";"82579";"X";"-";"X";"8475";"-";"-";"X";"195342";"X";"-";"X";"17464";"-";"-";"X";"179915";"X";"-";"X";"32475";"X";"-";"X";"230377";"X";"-";"X";"15460";"-";"-";"X";"222023";"X";"-";"X";"82813";"X";"-";"-";"338145";"X";"-";"-";"60075";"X";"-";"-";"302759";"X";"-";"-";"38173";"X";"-";"-";"345445";"X";"-";"-";"37981";"X";"-";"-";"186198";"X";"-";"-";"39584";"X";"-";"-";"301652";"X";"-";"-";"76080";"X";"-";"-";"286861";"X";"-"
"Santa Catarina";"Comércio (exceto supermercado)";"-";"2230";"40910";"-";"-";"73470";"78781";"-";"-";"20001";"38749";"-";"-";"7328";"90700";"-";"-";"2218";"6847";"-";"-";"17554";"109330";"-";"-";"1868";"31316";"-";"-";"16664";"159462";"-";"-";"4041";"55472";"-";"-";"4257";"83491";"-";"-";"1164";"22048";"-";"-";"19839";"99379";"-";"-";"7088";"33740";"-";"-";"23421";"96530";"-";"-";"2382";"26921";"-";"-";"17280";"138837";"-";"-";"2829";"16831";"-";"-";"28567";"141737";"-";"-";"8443";"35014";"-";"-";"72408";"244212";"-";"-";"14976";"44304";"-";"-";"76658";"220434";"-";"-";"8117";"30017";"-";"-";"56522";"233432";"-";"-";"20931";"34227";"-";"-";"39135";"183786";"-";"-";"3360";"38335";"-";"-";"60257";"224594";"X";"-";"9383";"56263";"-";"-";"57185";"299682";"X"
"Santa Catarina";"Supermercado";"-";"-";"X";"-";"-";"X";"-";"-";"-";"-";"X";"-";"-";"-";"X";"-";"-";"X";"-";"-";"-";"X";"X";"-";"-";"X";"-";"-";"-";"X";"-";"-";"-";"X";"-";"-";"-";"X";"-";"-";"-";"X";"-";"-";"-";"-";"-";"-";"-";"-";"-";"-";"-";"X";"-";"-";"...";"...";"...";"...";"...";"...";"...";"...";"...";"...";"...";"...";"...";"...";"...";"...";"...";"...";"...";"...";"...";"...";"...";"...";"...";"...";"...";"...";"...";"...";"...";"...";"...";"...";"...";"...";"...";"...";"...";"...";"...";"...";"...";"...";"...";"...";"...";"...";"...";"...";"...";"...";"...";"...";"...";"...";"...";"...";"...";"...";"...";"...";"...";"..."
"Santa Catarina";"Indústria";"-";"44096";"-";"-";"-";"102440";"-";"-";"-";"50531";"-";"-";"-";"76463";"-";"-";"-";"23147";"-";"-";"-";"215614";"-";"-";"-";"112637";"-";"-";"-";"79783";"-";"-";"-";"91152";"-";"-";"-";"80821";"-";"-";"-";"49063";"-";"-";"-";"114816";"-";"-";"-";"53363";"-";"-";"-";"155782";"-";"-";"-";"55036";"X";"-";"-";"63993";"-";"-";"-";"53075";"X";"-";"-";"196077";"-";"-";"-";"58691";"-";"-";"-";"63456";"X";"-";"-";"52450";"X";"-";"-";"138557";"X";"-";"-";"88174";"X";"-";"-";"152176";"X";"-";"-";"49831";"X";"-";"-";"125935";"X";"-";"-";"40257";"259";"-";"-";"107262";"5916";"-";"-";"47098";"X";"-";"-";"69376";"15682";"-"
"Santa Catarina";"Serviço de armazenagem";"X";"7168";"21140";"-";"X";"8049";"109733";"-";"-";"2866";"12791";"-";"X";"2287";"72036";"-";"-";"-";"26957";"-";"X";"19235";"131047";"-";"X";"3931";"6287";"-";"X";"14180";"150573";"-";"-";"3092";"53319";"-";"X";"2403";"109059";"-";"X";"139";"6976";"-";"X";"11156";"149277";"-";"-";"6809";"25787";"-";"X";"5137";"138036";"-";"-";"506";"46100";"-";"X";"2827";"228161";"-";"-";"135";"18924";"-";"X";"5975";"300877";"-";"-";"667";"97744";"-";"X";"10742";"369410";"-";"X";"4186";"103677";"-";"X";"10122";"444602";"-";"X";"5772";"79819";"-";"X";"26329";"464536";"11566";"X";"3958";"57465";"-";"X";"15741";"285547";"6261";"-";"489";"36851";"X";"X";"21058";"283987";"X";"X";"8455";"79008";"-";"X";"27935";"328017";"X"
"Santa Catarina";"Produção agropecuária";"-";"714";"-";"-";"-";"8658";"X";"-";"-";"X";"X";"-";"-";"4381";"X";"-";"-";"X";"-";"-";"-";"8271";"X";"-";"-";"X";"-";"-";"-";"20452";"X";"-";"X";"X";"-";"-";"X";"12259";"X";"-";"X";"-";"-";"-";"-";"18169";"X";"-";"-";"417";"-";"-";"X";"22403";"X";"-";"-";"159";"-";"-";"-";"9468";"-";"-";"X";"1243";"-";"-";"X";"22564";"-";"-";"X";"7772";"-";"-";"X";"27965";"-";"-";"X";"11589";"-";"-";"-";"7496";"-";"-";"X";"841";"-";"-";"X";"31569";"-";"-";"X";"2485";"-";"-";"X";"22142";"-";"-";"X";"17230";"-";"-";"X";"12214";"-";"-";"X";"27588";"-";"-";"X";"14540";"-";"-"
"Rio Grande do Sul";"Comércio (exceto supermercado)";"X";"144373";"239004";"-";"-";"609439";"861638";"-";"-";"127364";"298087";"-";"-";"639489";"684708";"-";"-";"81768";"110066";"-";"-";"799355";"1022815";"-";"-";"211347";"282946";"-";"-";"1140710";"1430395";"-";"-";"217826";"270481";"-";"-";"532913";"547667";"-";"-";"84633";"90339";"-";"-";"864253";"1125091";"-";"-";"106084";"168198";"-";"-";"828247";"998231";"-";"-";"120593";"245130";"-";"-";"1327333";"1504077";"-";"-";"186586";"162072";"-";"-";"1186586";"1897163";"-";"-";"408623";"516263";"-";"-";"1622560";"2526712";"-";"-";"450256";"854798";"-";"-";"1689704";"2538056";"-";"-";"216790";"330192";"-";"-";"2046072";"2643603";"-";"-";"316418";"397929";"-";"-";"1106678";"1316221";"X";"-";"245884";"222625";"-";"-";"1785164";"2456727";"X";"-";"442825";"518941";"-";"-";"1698030";"1748410";"-"
"Rio Grande do Sul";"Supermercado";"-";"X";"-";"-";"-";"X";"-";"-";"-";"X";"-";"-";"-";"X";"X";"-";"-";"X";"-";"-";"-";"X";"-";"-";"-";"X";"-";"-";"-";"X";"-";"-";"-";"1324";"-";"-";"-";"X";"-";"-";"-";"X";"-";"-";"-";"4023";"-";"-";"-";"X";"-";"-";"-";"4112";"-";"-";"...";"...";"...";"...";"...";"...";"...";"...";"...";"...";"...";"...";"...";"...";"...";"...";"...";"...";"...";"...";"...";"...";"...";"...";"...";"...";"...";"...";"...";"...";"...";"...";"...";"...";"...";"...";"...";"...";"...";"...";"...";"...";"...";"...";"...";"...";"...";"...";"...";"...";"...";"...";"...";"...";"...";"...";"...";"...";"...";"...";"...";"...";"...";"..."
"Rio Grande do Sul";"Indústria";"-";"75889";"28885";"-";"-";"301274";"30469";"-";"-";"81851";"31253";"-";"-";"342618";"26414";"-";"-";"77695";"8107";"-";"-";"389238";"40689";"-";"-";"295700";"9366";"-";"-";"406607";"125877";"-";"-";"148536";"17163";"-";"-";"287400";"42491";"-";"-";"69853";"4221";"-";"-";"304956";"89110";"-";"-";"128973";"18864";"-";"-";"535335";"105007";"-";"-";"160841";"4457";"-";"-";"660151";"114568";"-";"-";"105504";"26389";"-";"-";"413142";"80439";"-";"-";"139569";"31044";"-";"-";"666915";"151480";"-";"-";"139270";"49486";"-";"-";"616286";"177030";"-";"-";"127090";"35882";"-";"-";"623123";"179232";"-";"-";"168693";"21";"X";"-";"439781";"55655";"-";"-";"201261";"26271";"-";"-";"804474";"151409";"-";"-";"167755";"60545";"-";"-";"635554";"197771";"-"
"Rio Grande do Sul";"Serviço de armazenagem";"-";"266144";"62307";"18456";"-";"667489";"481045";"246085";"-";"73759";"136322";"14607";"-";"797281";"345311";"412177";"-";"159900";"22204";"3539";"-";"971947";"534921";"263694";"X";"324857";"68056";"74375";"-";"1324503";"561604";"348467";"-";"247149";"70965";"42780";"-";"678441";"204829";"271813";"-";"55129";"22229";"13836";"-";"943869";"461468";"327566";"-";"127481";"57691";"1018";"-";"966384";"457900";"370880";"-";"167434";"84819";"8205";"-";"1229244";"626353";"324285";"-";"107757";"53800";"7755";"-";"1170826";"776135";"428664";"-";"393531";"156460";"157835";"-";"1550736";"1067116";"641105";"-";"483286";"346840";"189402";"-";"1396421";"1050836";"459976";"-";"315458";"116051";"159450";"-";"1390334";"1202142";"438017";"-";"241566";"122191";"X";"-";"889612";"658746";"X";"-";"93772";"102945";"X";"-";"1630830";"1151473";"630289";"-";"478529";"249913";"X";"-";"1236852";"972852";"X"
"Rio Grande do Sul";"Produção agropecuária";"-";"19958";"-";"-";"X";"106962";"-";"-";"-";"23548";"-";"-";"-";"89643";"-";"-";"-";"16202";"-";"-";"-";"170442";"-";"-";"-";"42390";"-";"-";"-";"335216";"3060";"-";"-";"65765";"-";"-";"-";"125641";"-";"X";"-";"28034";"-";"-";"-";"297402";"X";"X";"-";"32532";"-";"-";"-";"326118";"X";"-";"X";"39357";"-";"-";"X";"405229";"X";"-";"-";"54355";"-";"-";"X";"395144";"-";"-";"X";"167162";"-";"-";"X";"630835";"-";"-";"X";"156450";"-";"-";"X";"560728";"-";"-";"X";"91243";"-";"-";"X";"517776";"-";"-";"X";"82232";"-";"-";"X";"256442";"-";"-";"X";"58467";"-";"-";"X";"781480";"X";"-";"X";"206781";"X";"-";"X";"555067";"X";"-"
"Mato Grosso do Sul";"Comércio (exceto supermercado)";"-";"18173";"8347";"-";"-";"405485";"58501";"-";"-";"4529";"5017";"-";"-";"346435";"53960";"-";"-";"2811";"1063";"-";"-";"273981";"121130";"-";"-";"1992";"1321";"-";"-";"385320";"184204";"-";"-";"22372";"44881";"-";"-";"294632";"11625";"-";"-";"7595";"830";"-";"-";"317826";"59297";"-";"-";"2830";"2353";"-";"-";"209803";"64397";"-";"-";"6068";"7816";"-";"-";"274155";"128342";"-";"-";"19019";"7684";"-";"-";"181083";"163256";"-";"-";"40162";"22671";"-";"-";"336119";"244875";"-";"-";"20735";"110413";"-";"-";"370413";"453427";"-";"-";"18186";"40503";"-";"-";"199747";"305503";"-";"-";"59433";"52273";"-";"-";"431634";"401732";"-";"-";"42858";"21691";"-";"-";"484379";"387692";"-";"-";"108343";"34154";"-";"-";"410309";"274059";"-"
"Mato Grosso do Sul";"Supermercado";"-";"X";"-";"-";"-";"X";"-";"-";"-";"X";"-";"-";"-";"X";"-";"-";"-";"X";"-";"-";"-";"-";"-";"-";"-";"-";"-";"-";"-";"X";"-";"-";"-";"-";"-";"-";"-";"-";"X";"-";"-";"-";"X";"-";"-";"-";"X";"-";"-";"-";"-";"-";"-";"-";"X";"-";"...";"...";"...";"...";"...";"...";"...";"...";"...";"...";"...";"...";"...";"...";"...";"...";"...";"...";"...";"...";"...";"...";"...";"...";"...";"...";"...";"...";"...";"...";"...";"...";"...";"...";"...";"...";"...";"...";"...";"...";"...";"...";"...";"...";"...";"...";"...";"...";"...";"...";"...";"...";"...";"...";"...";"...";"...";"...";"...";"...";"...";"...";"...";"..."
"Mato Grosso do Sul";"Indústria";"-";"130400";"-";"-";"-";"383323";"-";"-";"-";"105946";"-";"-";"-";"261854";"-";"-";"-";"47779";"-";"-";"-";"190017";"X";"-";"-";"93880";"-";"-";"-";"217212";"X";"-";"-";"97757";"X";"-";"-";"176252";"X";"-";"-";"37604";"-";"-";"-";"139876";"X";"-";"-";"68213";"X";"-";"-";"223167";"X";"-";"-";"86858";"X";"-";"-";"152173";"X";"-";"-";"56306";"X";"-";"-";"182615";"X";"-";"-";"161506";"X";"-";"-";"242343";"X";"-";"-";"80446";"X";"-";"-";"253577";"X";"-";"-";"62282";"X";"-";"-";"233394";"-";"-";"X";"111654";"X";"-";"-";"338281";"X";"-";"-";"100690";"X";"-";"-";"365108";"X";"-";"-";"125530";"X";"-";"-";"336029";"X";"-"
"Mato Grosso do Sul";"Serviço de armazenagem";"X";"30223";"6415";"-";"9449";"373705";"250239";"-";"X";"20746";"6419";"-";"X";"226578";"132293";"-";"X";"14100";"19451";"-";"X";"371135";"333156";"-";"X";"19313";"11823";"-";"X";"476725";"407647";"-";"X";"68047";"80767";"-";"-";"204335";"133433";"-";"-";"18713";"18341";"-";"X";"245274";"249742";"-";"X";"22141";"27119";"-";"-";"338713";"356943";"-";"X";"29470";"50846";"-";"X";"443375";"541257";"-";"X";"42236";"74423";"-";"-";"402721";"448334";"-";"-";"150594";"167489";"-";"X";"668423";"940049";"-";"-";"113291";"246445";"-";"-";"603528";"1324041";"-";"-";"31562";"33630";"-";"-";"407602";"1033581";"-";"-";"36577";"115325";"-";"-";"349617";"992807";"-";"-";"63157";"251268";"-";"-";"641943";"1406241";"-";"-";"197298";"276331";"-";"-";"534153";"1021846";"-"
"Mato Grosso do Sul";"Produção agropecuária";"-";"18816";"-";"-";"-";"142246";"-";"-";"-";"16464";"-";"-";"-";"168687";"X";"-";"-";"8784";"-";"-";"-";"232390";"X";"-";"-";"17113";"-";"-";"-";"218689";"8207";"-";"-";"25637";"-";"-";"-";"64988";"X";"-";"-";"2458";"X";"-";"-";"212208";"-";"-";"-";"20560";"X";"-";"-";"224755";"X";"-";"-";"17313";"X";"-";"-";"275661";"-";"-";"-";"33336";"-";"-";"-";"342061";"X";"-";"-";"107650";"-";"-";"-";"491804";"X";"-";"-";"67683";"-";"-";"-";"442864";"X";"-";"-";"35256";"-";"-";"-";"466166";"-";"-";"-";"39125";"-";"-";"-";"359154";"X";"-";"-";"14455";"-";"-";"-";"520930";"-";"-";"-";"104070";"-";"-";"-";"409407";"-";"-"
"Mato Grosso";"Comércio (exceto supermercado)";"-";"69907";"-";"-";"-";"1938612";"X";"-";"-";"129177";"-";"-";"-";"131565";"-";"-";"-";"55893";"-";"-";"-";"1063765";"-";"-";"-";"197738";"-";"-";"-";"1736725";"-";"-";"-";"47750";"-";"-";"-";"1199591";"-";"-";"-";"31222";"-";"-";"-";"582676";"-";"-";"-";"25099";"-";"-";"-";"821773";"X";"-";"-";"20498";"-";"-";"-";"1769699";"X";"-";"-";"184498";"X";"-";"-";"762055";"X";"-";"-";"110638";"X";"-";"-";"972171";"X";"-";"-";"31739";"X";"-";"-";"783408";"66347";"-";"-";"151045";"X";"-";"-";"733157";"X";"-";"-";"32963";"X";"-";"-";"1108694";"X";"-";"-";"11472";"X";"-";"-";"639805";"X";"-";"-";"70086";"X";"-";"-";"1150428";"X";"-"
"Mato Grosso";"Supermercado";"-";"-";"-";"-";"-";"X";"-";"-";"-";"-";"-";"-";"-";"-";"-";"-";"-";"-";"-";"-";"-";"X";"-";"-";"-";"X";"-";"-";"-";"X";"-";"-";"-";"X";"-";"-";"-";"90559";"-";"-";"-";"X";"-";"-";"-";"X";"-";"-";"-";"-";"-";"-";"-";"73355";"-";"-";"...";"...";"...";"...";"...";"...";"...";"...";"...";"...";"...";"...";"...";"...";"...";"...";"...";"...";"...";"...";"...";"...";"...";"...";"...";"...";"...";"...";"...";"...";"...";"...";"...";"...";"...";"...";"...";"...";"...";"...";"...";"...";"...";"...";"...";"...";"...";"...";"...";"...";"...";"...";"...";"...";"...";"...";"...";"...";"...";"...";"...";"...";"...";"..."
"Mato Grosso";"Indústria";"-";"256277";"-";"-";"-";"1167229";"-";"-";"-";"99707";"X";"-";"-";"104243";"X";"-";"-";"77937";"-";"-";"-";"607071";"X";"-";"-";"174855";"-";"-";"-";"952788";"X";"-";"-";"158303";"-";"-";"-";"1047412";"X";"-";"-";"214636";"-";"-";"-";"550730";"-";"-";"-";"50257";"-";"-";"-";"573166";"-";"-";"-";"78978";"-";"-";"-";"799401";"-";"-";"-";"107643";"-";"-";"-";"704795";"-";"-";"-";"88301";"-";"-";"-";"661366";"-";"-";"-";"199178";"-";"-";"-";"674357";"X";"-";"-";"98480";"-";"-";"-";"680925";"X";"-";"-";"80091";"X";"-";"-";"771976";"-";"-";"-";"292489";"-";"-";"-";"753925";"-";"-";"-";"121792";"-";"-";"-";"975039";"-";"-"
"Mato Grosso";"Serviço de armazenagem";"-";"126337";"4802";"X";"-";"2068190";"119483";"-";"-";"75540";"9998";"X";"-";"112276";"9998";"X";"-";"24918";"X";"-";"X";"707224";"137852";"-";"-";"358208";"1734";"X";"X";"1981806";"189105";"X";"-";"126984";"10416";"-";"-";"1395065";"121631";"-";"X";"46745";"1285";"-";"-";"1497084";"115358";"-";"-";"95276";"X";"-";"-";"1215296";"115108";"-";"-";"34607";"934";"-";"-";"1321112";"147865";"-";"-";"189446";"13766";"-";"-";"972837";"111509";"-";"-";"158180";"2146";"-";"-";"1411291";"218715";"-";"-";"196944";"50007";"-";"-";"1627593";"446757";"-";"-";"98630";"113965";"-";"X";"1641494";"439143";"-";"X";"108358";"16191";"-";"X";"1437494";"145941";"-";"X";"138707";"2778";"-";"X";"1404261";"157587";"-";"X";"427906";"13305";"-";"X";"2240761";"259236";"-"
"Mato Grosso";"Produção agropecuária";"-";"54132";"-";"-";"-";"565405";"X";"-";"-";"81705";"-";"-";"-";"94388";"-";"-";"-";"76448";"-";"-";"X";"590913";"X";"-";"-";"36372";"-";"-";"X";"1078386";"X";"-";"-";"97699";"X";"-";"-";"402231";"-";"-";"-";"35665";"-";"-";"-";"614559";"X";"-";"-";"56886";"-";"-";"-";"741774";"X";"-";"-";"34863";"-";"-";"-";"972632";"X";"-";"-";"105045";"X";"-";"-";"611416";"X";"-";"-";"42989";"-";"-";"-";"1351287";"X";"-";"-";"199862";"-";"-";"2087";"1153741";"X";"-";"2087";"140456";"X";"-";"122937";"1356684";"X";"-";"7988";"99317";"X";"-";"81022";"720143";"-";"-";"13690";"76881";"-";"-";"122534";"887736";"X";"-";"14453";"153153";"X";"-";"147576";"1265302";"X";"-"
"Goiás";"Comércio (exceto supermercado)";"-";"307";"-";"-";"-";"141696";"-";"-";"-";"6253";"-";"-";"-";"101628";"-";"-";"-";"X";"-";"-";"-";"105987";"-";"-";"-";"10749";"-";"-";"-";"106172";"-";"-";"-";"17583";"-";"-";"-";"72158";"-";"-";"-";"X";"-";"-";"-";"127934";"-";"-";"-";"X";"-";"-";"-";"70584";"-";"-";"-";"3753";"-";"-";"-";"101238";"-";"-";"-";"11583";"-";"-";"-";"101988";"-";"-";"-";"21331";"-";"-";"-";"120188";"-";"-";"-";"20632";"-";"-";"-";"149289";"-";"-";"-";"3706";"-";"-";"-";"122059";"-";"-";"-";"5887";"-";"-";"-";"79792";"-";"-";"-";"5118";"-";"-";"-";"58835";"-";"-";"-";"17730";"-";"-";"-";"133038";"-";"-"
"Goiás";"Supermercado";"-";"-";"-";"-";"-";"-";"-";"-";"-";"-";"-";"-";"-";"-";"-";"-";"-";"-";"-";"-";"-";"-";"-";"-";"-";"-";"-";"-";"-";"-";"-";"-";"-";"-";"-";"-";"-";"-";"-";"-";"-";"-";"-";"-";"-";"-";"-";"-";"-";"-";"-";"-";"-";"-";"-";"-";"...";"...";"...";"...";"...";"...";"...";"...";"...";"...";"...";"...";"...";"...";"...";"...";"...";"...";"...";"...";"...";"...";"...";"...";"...";"...";"...";"...";"...";"...";"...";"...";"...";"...";"...";"...";"...";"...";"...";"...";"...";"...";"...";"...";"...";"...";"...";"...";"...";"...";"...";"...";"...";"...";"...";"...";"...";"...";"...";"...";"...";"...";"...";"..."
"Goiás";"Indústria";"-";"94485";"X";"-";"-";"580175";"X";"-";"-";"91926";"X";"-";"-";"583863";"-";"-";"-";"22487";"-";"-";"-";"490042";"-";"-";"-";"50518";"X";"-";"-";"597110";"-";"-";"-";"100831";"-";"-";"-";"499704";"X";"-";"-";"63409";"-";"-";"-";"522285";"X";"-";"-";"62017";"X";"-";"-";"720577";"-";"-";"-";"80767";"-";"-";"-";"749071";"-";"-";"-";"56236";"-";"-";"-";"748089";"-";"-";"-";"155282";"-";"-";"-";"636929";"-";"-";"-";"188993";"-";"-";"-";"475506";"-";"-";"-";"77977";"-";"-";"-";"698889";"-";"-";"-";"169546";"-";"-";"-";"668089";"-";"-";"-";"131757";"-";"-";"-";"605796";"-";"-";"-";"203621";"-";"-";"-";"547215";"-";"-"
"Goiás";"Serviço de armazenagem";"X";"67455";"100310";"X";"20445";"1451256";"670061";"-";"2634";"172605";"54095";"-";"2294";"973743";"584487";"-";"X";"67844";"30352";"-";"X";"1006782";"557439";"-";"X";"107117";"32736";"-";"X";"998446";"825679";"-";"-";"162979";"53882";"-";"X";"1124769";"670793";"-";"-";"90166";"83804";"-";"X";"1273537";"631720";"-";"X";"72848";"71323";"-";"X";"1000172";"718404";"X";"-";"83440";"20270";"X";"X";"1231194";"735467";"X";"-";"91127";"21598";"-";"X";"1163820";"839883";"-";"X";"159141";"52678";"X";"X";"1390687";"1065073";"X";"X";"159930";"151959";"X";"X";"1528478";"882850";"X";"X";"169481";"16086";"X";"X";"1346900";"512692";"X";"X";"119456";"62701";"X";"-";"978116";"899305";"X";"-";"30940";"55004";"-";"-";"1269361";"1190857";"X";"-";"121202";"119790";"X";"X";"1997308";"1090737";"X"
"Goiás";"Produção agropecuária";"X";"14372";"-";"-";"X";"69726";"-";"-";"X";"9718";"-";"-";"X";"77199";"-";"-";"-";"6229";"-";"-";"X";"81306";"-";"-";"-";"8076";"-";"-";"X";"128719";"-";"-";"X";"41607";"-";"-";"-";"59643";"-";"-";"-";"4262";"-";"-";"X";"153558";"-";"-";"-";"14973";"-";"-";"-";"136104";"-";"-";"-";"10658";"-";"-";"-";"241121";"-";"-";"-";"28432";"-";"-";"-";"253414";"-";"-";"-";"61318";"-";"-";"-";"362789";"-";"-";"-";"51154";"-";"-";"-";"372453";"-";"-";"-";"53430";"-";"-";"-";"447912";"-";"-";"-";"52077";"-";"-";"-";"257279";"-";"-";"-";"5037";"-";"-";"-";"399483";"-";"-";"-";"54974";"-";"-";"-";"596255";"-";"-"
"Distrito Federal";"Comércio (exceto supermercado)";"-";"X";"-";"-";"-";"X";"-";"-";"-";"X";"-";"-";"-";"X";"-";"-";"-";"X";"-";"-";"-";"X";"-";"-";"-";"17090";"-";"-";"-";"3270";"-";"-";"-";"X";"-";"-";"-";"X";"-";"-";"-";"-";"-";"-";"-";"-";"-";"-";"-";"-";"-";"-";"-";"-";"-";"-";"-";"-";"-";"-";"-";"-";"-";"-";"-";"-";"-";"-";"-";"-";"-";"-";"-";"-";"-";"-";"-";"-";"-";"-";"-";"-";"-";"-";"-";"-";"-";"-";"-";"-";"-";"-";"-";"X";"-";"-";"-";"-";"-";"-";"-";"X";"-";"-";"-";"-";"-";"-";"-";"-";"-";"-";"-";"-";"-";"-";"-";"-";"-";"-"
"Distrito Federal";"Supermercado";"-";"0";"-";"-";"-";"X";"-";"-";"-";"X";"-";"-";"-";"-";"-";"-";"-";"X";"-";"-";"-";"X";"-";"-";"-";"-";"-";"-";"-";"-";"-";"-";"-";"-";"-";"-";"-";"X";"-";"-";"-";"-";"-";"-";"-";"-";"-";"-";"-";"X";"-";"-";"-";"-";"-";"-";"...";"...";"...";"...";"...";"...";"...";"...";"...";"...";"...";"...";"...";"...";"...";"...";"...";"...";"...";"...";"...";"...";"...";"...";"...";"...";"...";"...";"...";"...";"...";"...";"...";"...";"...";"...";"...";"...";"...";"...";"...";"...";"...";"...";"...";"...";"...";"...";"...";"...";"...";"...";"...";"...";"...";"...";"...";"...";"...";"...";"...";"...";"...";"..."
"Distrito Federal";"Indústria";"-";"-";"-";"-";"-";"X";"-";"-";"-";"-";"-";"-";"-";"X";"-";"-";"-";"X";"-";"-";"-";"X";"-";"-";"-";"X";"-";"-";"-";"X";"-";"-";"-";"X";"-";"-";"-";"X";"-";"-";"-";"X";"-";"-";"-";"X";"-";"-";"-";"X";"-";"-";"-";"X";"-";"-";"-";"X";"-";"-";"-";"X";"-";"-";"-";"X";"-";"-";"-";"X";"-";"-";"-";"-";"-";"-";"-";"X";"-";"-";"-";"X";"-";"-";"-";"X";"-";"-";"-";"X";"-";"-";"-";"X";"-";"-";"-";"X";"-";"-";"-";"X";"-";"-";"-";"X";"-";"-";"-";"X";"-";"-";"-";"X";"-";"-";"-";"X";"-";"-"
"Distrito Federal";"Serviço de armazenagem";"-";"-";"X";"-";"-";"-";"X";"-";"-";"-";"X";"-";"-";"-";"X";"-";"-";"-";"-";"-";"-";"-";"X";"-";"-";"-";"X";"-";"-";"-";"X";"-";"-";"-";"X";"-";"-";"-";"X";"-";"-";"-";"X";"-";"-";"-";"X";"-";"-";"-";"-";"-";"-";"-";"X";"-";"-";"-";"X";"-";"-";"-";"X";"-";"-";"-";"X";"-";"X";"-";"X";"-";"-";"-";"X";"-";"X";"-";"X";"-";"X";"-";"X";"-";"X";"-";"X";"-";"X";"-";"X";"-";"X";"-";"X";"-";"X";"-";"X";"-";"X";"-";"X";"-";"X";"-";"-";"-";"X";"-";"X";"-";"X";"-";"X";"-";"X";"-";"X";"-"
"Distrito Federal";"Produção agropecuária";"-";"-";"-";"-";"-";"X";"-";"-";"-";"X";"-";"-";"-";"7411";"-";"-";"-";"-";"-";"-";"-";"1389";"-";"-";"-";"X";"-";"-";"-";"X";"-";"-";"-";"-";"-";"-";"-";"X";"-";"-";"-";"-";"-";"-";"-";"2481";"-";"-";"-";"X";"-";"-";"-";"4888";"-";"-";"-";"X";"-";"-";"-";"7426";"-";"-";"-";"X";"-";"-";"-";"6416";"-";"-";"-";"-";"-";"-";"-";"X";"-";"-";"-";"-";"-";"-";"-";"3632";"-";"-";"-";"-";"-";"-";"-";"4408";"-";"-";"-";"2210";"-";"-";"-";"15700";"-";"-";"-";"X";"-";"-";"-";"X";"-";"-";"-";"X";"-";"-";"-";"14778";"-";"-"
"Fonte: IBGE - Pesquisa de Estoques"

"Notas"
"1 - Os dados com menos de 3 informantes estão desidentiificados com o caracter X."
"2 - A partir do 2º semestre de 2014, em decorrência de reformulação da Pesquisa, deixou-se de investigar os estabelecimentos de supermercados, elevou-se a capacidade mínima exigida para 2.000 m³ ou 1.200 toneladas, retirou-se o café em coco do rol de produtos, dividiu-se o café (em grão) em café arábica (em grão) e café canephora (em grão) e introduziu-se o produto Outros grãos e sementes."
""
"Legenda"
"Símbolo";"Significado"
"-";"Zero absoluto, não resultante de um cálculo ou arredondamento.
Ex: Em determinado município não existem pessoas de 14 anos de idade sem instrução."
"0";"Zero resultante de um cálculo ou arredondamento.
Ex: A inflação do feijão em determinada Região Metropolitana foi 0.
Determinado município produziu 400 kg de sementes de girassol e os dados da tabela são expressos em toneladas."
"X";"Valor inibido para não identificar o informante.
Ex: Determinado município só possui uma empresa produtora de cimento, logo o valor de sua produção deve ser inibido."
"..";"Valor não se aplica.
Ex: Não se pode obter o total da produção agrícola em determinado município quando os produtos agrícolas são contabilizados com unidades de medida distintas."
"...";"Valor não disponível.
Ex: A produção de feijão em determinado município não foi pesquisada ou determinado município não existia no ano da pesquisa."
"A a Z
(exceto X)";"Significa uma faixa de valores. Varia em função da tabela (se for o caso).
Ex: O nível de precisão da produção estimada de combustíveis está na faixa A (95 a 100%)"
